objectid,parentid,object_location,title,item_type,date,owner_firstname,manufacturer,vendor,description,items_available,subject,location,format,display_template,image_small,image_thumb
rd0001,,,Amethyst Academy [custom],record,2025,Anneliese,Artisaire,Artisaire,,1,logos (symbols);custom designs,,image/jpeg,multiple,/objects/small/sl0001_ae_2026-04-11_sm.jpg,/objects/thumbs/sl0001_ae_2026-04-11_th.jpg
sl0001,rd0001,https://i.ibb.co/MD1X3t1c/sl0001-ae-2026-04-11.jpg,Amethyst Academy [custom] seal,StillImage,,Anneliese,,,,,,,image/jpeg,image,/objects/small/sl0001_ae_2026-04-11_sm.jpg,/objects/thumbs/sl0001_ae_2026-04-11_th.jpg
st0001,rd0001,https://i.ibb.co/DDqFdkMh/st0001-ae-2026-03-27.jpg,Amethyst Academy [custom] stamp,StillImage,2025,Anneliese,Artisaire,Artisaire,,,,AE_house,image/jpeg,image,/objects/small/st0001_ae_2026-03-27_sm.jpg,/objects/thumbs/st0001_ae_2026-03-27_th.jpg
rd0002,,,Barbed write butterfly,record,,Anneliese,VintageSealCo,Etsy,,1,butterflies,,image/jpeg,multiple,/objects/small/sl0002_ae_2026-04-11_sm.jpg,/objects/thumbs/sl0002_ae_2026-04-11_th.jpg
sl0002,rd0002,https://i.ibb.co/dwcTG4W3/sl0002-ae-2026-04-11.jpg,Barbed write butterfly seal,StillImage,,Anneliese,,,,,,,image/jpeg,image,/objects/small/sl0002_ae_2026-04-11_sm.jpg,/objects/thumbs/sl0002_ae_2026-04-11_th.jpg
st0002,rd0002,,Barbed write butterfly stamp,StillImage,,Anneliese,VintageSealCo,Etsy,,,,AE_house,image/jpeg,image,/objects/small/st0002_ae_2026-03-27_sm.jpg,/objects/thumbs/st0002_ae_2026-03-27_th.jpg
rd0003,,,Beetle glyphs,record,,Anneliese,VintageSealCo,Etsy,,1,beetles,,image/jpeg,multiple,/objects/small/sl0003_ae_2026-05-02_sm.jpg,/objects/thumbs/sl0003_ae_2026-05-02_th.jpg
sl0003,rd0003,https://i.ibb.co/pVF6NBj/sl0003-ae-2026-05-02.jpg,Beetle glyphs seal,StillImage,,Anneliese,,,,,,,image/jpeg,image,/objects/small/sl0003_ae_2026-05-02_sm.jpg,/objects/thumbs/sl0003_ae_2026-05-02_th.jpg
st0003,rd0003,https://i.ibb.co/Qv75T2Xt/st0003-ae-2026-05-02.jpg,Beetle glyphs stamp,StillImage,,Anneliese,VintageSealCo,Etsy,,,,AE_house,image/jpeg,image,/objects/small/st0003_ae_2026-05-02_sm.jpg,/objects/thumbs/st0003_ae_2026-05-02_th.jpg
rd0004,,,Blank (25mm),record,,Anneliese,Made of Honour,Made of Honour,,1,,,image/jpeg,multiple,/objects/small/sl0004_ae_2026-04-11_sm.jpg,/objects/thumbs/sl0004_ae_2026-04-11_th.jpg
sl0004,rd0004,https://i.ibb.co/gLVn0HCC/sl0004-ae-2026-04-11.jpg,Blank (25mm) seal,StillImage,,Anneliese,,,,,,,image/jpeg,image,/objects/small/sl0004_ae_2026-04-11_sm.jpg,/objects/thumbs/sl0004_ae_2026-04-11_th.jpg
st0004,rd0004,https://i.ibb.co/99CkDv2R/st0004-ae-2026-03-27.jpg,Blank (25mm) stamp,StillImage,,Anneliese,Made of Honour,Made of Honour,,,,AE_house,image/jpeg,image,/objects/small/st0004_ae_2026-03-27_sm.jpg,/objects/thumbs/st0004_ae_2026-03-27_th.jpg
rd0005,,,Book butterflies,record,,Anneliese,VintageSealCo,Etsy,,1,books;butterflies,,image/jpeg,multiple,/objects/small/sl0005_ae_2026-04-11_sm.jpg,/objects/thumbs/sl0005_ae_2026-04-11_th.jpg
sl0005,rd0005,https://i.ibb.co/JwCb0bYd/sl0005-ae-2026-04-11.jpg,Book butterflies seal,StillImage,,Anneliese,,,,,,,image/jpeg,image,/objects/small/sl0005_ae_2026-04-11_sm.jpg,/objects/thumbs/sl0005_ae_2026-04-11_th.jpg
st0005,rd0005,https://i.ibb.co/gCq56VX/st0005-ae-2026-03-27.jpg,Book butterflies stamp,StillImage,,Anneliese,VintageSealCo,Etsy,,,,AE_house,image/jpeg,image,/objects/small/st0005_ae_2026-03-27_sm.jpg,/objects/thumbs/st0005_ae_2026-03-27_th.jpg
rd0006,,,Flower bat,record,,Anneliese,Livelifeandworld ,Etsy,,1,flowers;bats,,image/jpeg,multiple,/objects/small/sl0006_ae_2026-04-11_sm.jpg,/objects/thumbs/sl0006_ae_2026-04-11_th.jpg
sl0006,rd0006,https://i.ibb.co/nMmLpyCR/sl0006-ae-2026-04-11.jpg,Flower bat seal,StillImage,,Anneliese,,,,,,,image/jpeg,image,/objects/small/sl0006_ae_2026-04-11_sm.jpg,/objects/thumbs/sl0006_ae_2026-04-11_th.jpg
st0006,rd0006,https://i.ibb.co/8DJmC1SZ/st0006-ae-2026-03-27.jpg,Flower bat stamp,StillImage,,Anneliese,Livelifeandworld ,Etsy,,,,AE_house,image/jpeg,image,/objects/small/st0006_ae_2026-03-27_sm.jpg,/objects/thumbs/st0006_ae_2026-03-27_th.jpg
rd0007,,,Happy birthday,record,,Anneliese,Made of Honour,Made of Honour,,1,birthdays;text,,image/jpeg,multiple,/objects/small/sl0007_ae_2026-04-11_sm.jpg,/objects/thumbs/sl0007_ae_2026-04-11_th.jpg
sl0007,rd0007,https://i.ibb.co/cS3ZtXSY/sl0007-ae-2026-04-11.jpg,Happy birthday seal,StillImage,,Anneliese,,,,,,,image/jpeg,image,/objects/small/sl0007_ae_2026-04-11_sm.jpg,/objects/thumbs/sl0007_ae_2026-04-11_th.jpg
st0007,rd0007,https://i.ibb.co/5XNvppyP/st0007-ae-2026-03-27.jpg,Happy birthday stamp,StillImage,,Anneliese,Made of Honour,Made of Honour,,,,AE_house,image/jpeg,image,/objects/small/st0007_ae_2026-03-27_sm.jpg,/objects/thumbs/st0007_ae_2026-03-27_th.jpg
rd0008,,,Butterfly,record,,Anneliese,Made of Honour,Made of Honour,,1,butterflies,,image/jpeg,multiple,/objects/small/sl0008_ae_2026-04-11_sm.jpg,/objects/thumbs/sl0008_ae_2026-04-11_th.jpg
sl0008,rd0008,https://i.ibb.co/JW648B9j/sl0008-ae-2026-04-11.jpg,Butterfly seal,StillImage,,Anneliese,,,,,,,image/jpeg,image,/objects/small/sl0008_ae_2026-04-11_sm.jpg,/objects/thumbs/sl0008_ae_2026-04-11_th.jpg
st0008,rd0008,https://i.ibb.co/q3r6XZrD/st0008-ae-2026-03-27.jpg,Butterfly stamp,StillImage,,Anneliese,Made of Honour,Made of Honour,,,,AE_house,image/jpeg,image,/objects/small/st0008_ae_2026-03-27_sm.jpg,/objects/thumbs/st0008_ae_2026-03-27_th.jpg
rd0009,,,Skull Cave,record,,Anneliese,VintageSealCo,Etsy,,1,bones;skulls;caves,,image/jpeg,multiple,/objects/small/sl0009_ae_2026-04-11_sm.jpg,/objects/thumbs/sl0009_ae_2026-04-11_th.jpg
sl0009,rd0009,https://i.ibb.co/xKgyGrMd/sl0009-ae-2026-04-11.jpg,Skull Cave seal,StillImage,,Anneliese,,,,,,,image/jpeg,image,/objects/small/sl0009_ae_2026-04-11_sm.jpg,/objects/thumbs/sl0009_ae_2026-04-11_th.jpg
st0009,rd0009,https://i.ibb.co/QFz5vmKg/st0009-ae-2026-03-27.jpg,Skull Cave stamp,StillImage,,Anneliese,VintageSealCo,Etsy,,,,AE_house,image/jpeg,image,/objects/small/st0009_ae_2026-03-27_sm.jpg,/objects/thumbs/st0009_ae_2026-03-27_th.jpg
rd0010,,,Xmas goose,record,2025,Anneliese,Made of Honour,Made of Honour,,1,geese;winter;Christmas,,image/jpeg,multiple,/objects/small/sl0010_ae_2026-04-11_sm.jpg,/objects/thumbs/sl0010_ae_2026-04-11_th.jpg
sl0010,rd0010,https://i.ibb.co/XrfcrzQk/sl0010-ae-2026-04-11.jpg,Xmas goose seal,StillImage,,Anneliese,,,,,,,image/jpeg,image,/objects/small/sl0010_ae_2026-04-11_sm.jpg,/objects/thumbs/sl0010_ae_2026-04-11_th.jpg
st0010,rd0010,https://i.ibb.co/LXD9Hyfq/st0010-ae-2026-03-27.jpg,Xmas goose stamp,StillImage,2025,Anneliese,Made of Honour,Made of Honour,,,,AE_house,image/jpeg,image,/objects/small/st0010_ae_2026-03-27_sm.jpg,/objects/thumbs/st0010_ae_2026-03-27_th.jpg
rd0011,,,Dinosaur skull,record,,Anneliese,VintageSealCo,Etsy,,1,dinosaurs;bones;skulls,,image/jpeg,multiple,/objects/small/sl0011_ae_2026-04-11_sm.jpg,/objects/thumbs/sl0011_ae_2026-04-11_th.jpg
sl0011,rd0011,https://i.ibb.co/twThn3h5/sl0011-ae-2026-04-11.jpg,Dinosaur skull seal,StillImage,,Anneliese,,,,,,,image/jpeg,image,/objects/small/sl0011_ae_2026-04-11_sm.jpg,/objects/thumbs/sl0011_ae_2026-04-11_th.jpg
st0011,rd0011,https://i.ibb.co/xtWw4Jjr/st0011-ae-2026-03-27.jpg,Dinosaur skull stamp,StillImage,,Anneliese,VintageSealCo,Etsy,,,,AE_house,image/jpeg,image,/objects/small/st0011_ae_2026-03-27_sm.jpg,/objects/thumbs/st0011_ae_2026-03-27_th.jpg
rd0012,,,Laurel wreath,record,,Anneliese,Recollections,Michael's,,1,laurel;wreaths,,image/jpeg,multiple,/objects/small/sl0012_ae_2026-04-11_sm.jpg,/objects/thumbs/sl0012_ae_2026-04-11_th.jpg
sl0012,rd0012,https://i.ibb.co/N6wxzfMZ/sl0012-ae-2026-04-11.jpg,Laurel wreath seal,StillImage,,Anneliese,,,,,,,image/jpeg,image,/objects/small/sl0012_ae_2026-04-11_sm.jpg,/objects/thumbs/sl0012_ae_2026-04-11_th.jpg
st0012,rd0012,https://i.ibb.co/pjwbLfMD/st0012-ae-2026-03-27.jpg,Laurel wreath stamp,StillImage,,Anneliese,Recollections,Michael's,,,,AE_house,image/jpeg,image,/objects/small/st0012_ae_2026-03-27_sm.jpg,/objects/thumbs/st0012_ae_2026-03-27_th.jpg
rd0013,,,Ghostie,record,,Anneliese,VintageSealCo,Etsy,,1,ghosts;Halloween,,image/jpeg,multiple,/objects/small/sl0013_ae_2026-04-11_sm.jpg,/objects/thumbs/sl0013_ae_2026-04-11_th.jpg
sl0013,rd0013,https://i.ibb.co/Sw47T5X8/sl0013-ae-2026-04-11.jpg,Ghostie seal,StillImage,,Anneliese,,,,,,,image/jpeg,image,/objects/small/sl0013_ae_2026-04-11_sm.jpg,/objects/thumbs/sl0013_ae_2026-04-11_th.jpg
st0013,rd0013,https://i.ibb.co/B2WGs1fb/st0013-ae-2026-03-27.jpg,Ghostie stamp,StillImage,,Anneliese,VintageSealCo,Etsy,,,,AE_house,image/jpeg,image,/objects/small/st0013_ae_2026-03-27_sm.jpg,/objects/thumbs/st0013_ae_2026-03-27_th.jpg
rd0014,,,Ginkgo,record,,Anneliese,ArtesCraftSupplies,Etsy,,1,plants;ginkgo,,image/jpeg,multiple,/objects/small/sl0014_ae_2026-04-11_sm.jpg,/objects/thumbs/sl0014_ae_2026-04-11_th.jpg
sl0014,rd0014,https://i.ibb.co/WbM8ZfX/sl0014-ae-2026-04-11.jpg,Ginkgo seal,StillImage,,Anneliese,,,,,,,image/jpeg,image,/objects/small/sl0014_ae_2026-04-11_sm.jpg,/objects/thumbs/sl0014_ae_2026-04-11_th.jpg
st0014,rd0014,https://i.ibb.co/hJBKq9xV/st0014-ae-2026-03-27.jpg,Ginkgo stamp,StillImage,,Anneliese,ArtesCraftSupplies,Etsy,,,,AE_house,image/jpeg,image,/objects/small/st0014_ae_2026-03-27_sm.jpg,/objects/thumbs/st0014_ae_2026-03-27_th.jpg
rd0015,,,Goose,record,,Anneliese,Made of Honour,Made of Honour,,1,geese,,image/jpeg,multiple,/objects/small/sl0015_ae_2026-04-11_sm.jpg,/objects/thumbs/sl0015_ae_2026-04-11_th.jpg
sl0015,rd0015,https://i.ibb.co/nMGbNk6s/sl0015-ae-2026-04-11.jpg,Goose seal,StillImage,,Anneliese,,,,,,,image/jpeg,image,/objects/small/sl0015_ae_2026-04-11_sm.jpg,/objects/thumbs/sl0015_ae_2026-04-11_th.jpg
st0015,rd0015,https://i.ibb.co/Df7mztYL/st0015-ae-2026-03-27.jpg,Goose stamp,StillImage,,Anneliese,Made of Honour,Made of Honour,,,,AE_house,image/jpeg,image,/objects/small/st0015_ae_2026-03-27_sm.jpg,/objects/thumbs/st0015_ae_2026-03-27_th.jpg
rd0016,,,Jellyfish,record,,Anneliese,VintageSealCo,Etsy,,1,jellyfishes,,image/jpeg,multiple,/objects/small/sl0016_ae_2026-04-11_sm.jpg,/objects/thumbs/sl0016_ae_2026-04-11_th.jpg
sl0016,rd0016,https://i.ibb.co/nN0ZxVRH/sl0016-ae-2026-04-11.jpg,Jellyfish seal,StillImage,,Anneliese,,,,,,,image/jpeg,image,/objects/small/sl0016_ae_2026-04-11_sm.jpg,/objects/thumbs/sl0016_ae_2026-04-11_th.jpg
st0016,rd0016,https://i.ibb.co/G43GsM4v/st0016-ae-2026-03-27.jpg,Jellyfish stamp,StillImage,,Anneliese,VintageSealCo,Etsy,,,,AE_house,image/jpeg,image,/objects/small/st0016_ae_2026-03-27_sm.jpg,/objects/thumbs/st0016_ae_2026-03-27_th.jpg
rd0017,,,Owl,record,,Anneliese,Made of Honour,Made of Honour,,1,owls,,image/jpeg,multiple,/objects/small/sl0017_ae_2026-04-11_sm.jpg,/objects/thumbs/sl0017_ae_2026-04-11_th.jpg
sl0017,rd0017,https://i.ibb.co/Fk2B5pm2/sl0017-ae-2026-04-11.jpg,Owl seal,StillImage,,Anneliese,,,,,,,image/jpeg,image,/objects/small/sl0017_ae_2026-04-11_sm.jpg,/objects/thumbs/sl0017_ae_2026-04-11_th.jpg
st0017,rd0017,https://i.ibb.co/3YCzT96h/st0017-ae-2026-03-27.jpg,Owl stamp,StillImage,,Anneliese,Made of Honour,Made of Honour,,,,AE_house,image/jpeg,image,/objects/small/st0017_ae_2026-03-27_sm.jpg,/objects/thumbs/st0017_ae_2026-03-27_th.jpg
rd0018,,,Paws,record,,Anneliese,Livelifeandworld ,Etsy,,1,paw prints,,image/jpeg,multiple,/objects/small/sl0018_ae_2026-04-11_sm.jpg,/objects/thumbs/sl0018_ae_2026-04-11_th.jpg
sl0018,rd0018,https://i.ibb.co/S7vsBqGp/sl0018-ae-2026-04-11.jpg,Paws seal,StillImage,,Anneliese,,,,,,,image/jpeg,image,/objects/small/sl0018_ae_2026-04-11_sm.jpg,/objects/thumbs/sl0018_ae_2026-04-11_th.jpg
st0018,rd0018,https://i.ibb.co/RG6fwXG0/st0018-ae-2026-03-27.jpg,Paws stamp,StillImage,,Anneliese,Livelifeandworld ,Etsy,,,,AE_house,image/jpeg,image,/objects/small/st0018_ae_2026-03-27_sm.jpg,/objects/thumbs/st0018_ae_2026-03-27_th.jpg
rd0019,,,Readme [custom],record,2026,Anneliese;Antonio,Artisaire,Artisaire,A custom stamp designed by Antonio to use in thank-you cards for Love Data Week 2026.,2,icons (script and type signs);custom designs,,image/jpeg,multiple,/objects/small/sl0019_ae_2026-04-11_sm.jpg,/objects/thumbs/sl0019_ae_2026-04-11_th.jpg
sl0019,rd0019,https://i.ibb.co/Mx2hXbrR/sl0019-ae-2026-04-11.jpg,Readme [custom] seal (Anneliese),StillImage,,Anneliese,,,,,,,image/jpeg,image,/objects/small/sl0019_ae_2026-04-11_sm.jpg,/objects/thumbs/sl0019_ae_2026-04-11_th.jpg
st0019,rd0019,https://i.ibb.co/DDzfBrVS/st0019-ae-2026-03-27.jpg,Readme [custom] stamp (Anneliese),StillImage,2026,Anneliese,Artisaire,Artisaire,,,,AE_house,image/jpeg,image,/objects/small/st0019_ae_2026-03-27_sm.jpg,/objects/thumbs/st0019_ae_2026-03-27_th.jpg
sl0019b,rd0019,https://i.ibb.co/0VdhQtyb/sl0019b-ramg-2026-05-14.jpg,Readme [custom] seal (Antonio),StillImage,,Antonio,,,,,,,image/jpeg,image,/objects/small/sl0019b_ramg_2026-05-14_sm.jpg,/objects/thumbs/sl0019b_ramg_2026-05-14_th.jpg
st0019b,rd0019,https://i.ibb.co/RpDnW1Wx/st0019b-ramg-2026-04-12.jpg,Readme [custom] stamp (Antonio),StillImage,2026,Antonio,Artisaire,Artisaire,,,,AMG_house,image/jpeg,image,/objects/small/st0019b_ramg_2026-04-12_sm.jpg,/objects/thumbs/st0019b_ramg_2026-04-12_th.jpg
rd0020,,,English rose,record,,Anneliese,Made of Honour,Made of Honour,,1,flowers;English roses,,image/jpeg,multiple,/objects/small/sl0020_ae_2026-04-11_sm.jpg,/objects/thumbs/sl0020_ae_2026-04-11_th.jpg
sl0020,rd0020,https://i.ibb.co/4Z38m76R/sl0020-ae-2026-04-11.jpg,English rose seal,StillImage,,Anneliese,,,,,,,image/jpeg,image,/objects/small/sl0020_ae_2026-04-11_sm.jpg,/objects/thumbs/sl0020_ae_2026-04-11_th.jpg
st0020,rd0020,https://i.ibb.co/jvxdx4vc/st0020-ae-2026-03-27.jpg,English rose stamp,StillImage,,Anneliese,Made of Honour,Made of Honour,,,,AE_house,image/jpeg,image,/objects/small/st0020_ae_2026-03-27_sm.jpg,/objects/thumbs/st0020_ae_2026-03-27_th.jpg
rd0021,,,Rose (cutout),record,,Anneliese,Made of Honour,Made of Honour,,1,flowers;roses,,image/jpeg,multiple,/objects/small/sl0021_ae_2026-04-11_sm.jpg,/objects/thumbs/sl0021_ae_2026-04-11_th.jpg
sl0021,rd0021,https://i.ibb.co/rKtXhdY0/sl0021-ae-2026-04-11.jpg,Rose (cutout) seal,StillImage,,Anneliese,,,,,,,image/jpeg,image,/objects/small/sl0021_ae_2026-04-11_sm.jpg,/objects/thumbs/sl0021_ae_2026-04-11_th.jpg
st0021,rd0021,https://i.ibb.co/pj1Zz4fP/st0021-ae-2026-03-27.jpg,Rose (cutout) stamp,StillImage,,Anneliese,Made of Honour,Made of Honour,,,,AE_house,image/jpeg,image,/objects/small/st0021_ae_2026-03-27_sm.jpg,/objects/thumbs/st0021_ae_2026-03-27_th.jpg
rd0022,,,Skeleton kitty,record,,Anneliese,Made of Honour,Made of Honour,,1,bones;skeletons;cats,,image/jpeg,multiple,/objects/small/sl0022_ae_2026-04-11_sm.jpg,/objects/thumbs/sl0022_ae_2026-04-11_th.jpg
sl0022,rd0022,https://i.ibb.co/twFd7NnG/sl0022-ae-2026-04-11.jpg,Skeleton kitty seal,StillImage,,Anneliese,,,,,,,image/jpeg,image,/objects/small/sl0022_ae_2026-04-11_sm.jpg,/objects/thumbs/sl0022_ae_2026-04-11_th.jpg
st0022,rd0022,https://i.ibb.co/BVBcsY3H/st0022-ae-2026-03-27.jpg,Skeleton kitty stamp,StillImage,,Anneliese,Made of Honour,Made of Honour,,,,AE_house,image/jpeg,image,/objects/small/st0022_ae_2026-03-27_sm.jpg,/objects/thumbs/st0022_ae_2026-03-27_th.jpg
rd0023,,,Skeleton hand butterflies,record,,Anneliese,VintageSealCo,Etsy,,1,bones;skeletons;hands;butterflies,,image/jpeg,multiple,/objects/small/sl0023_ae_2026-04-11_sm.jpg,/objects/thumbs/sl0023_ae_2026-04-11_th.jpg
sl0023,rd0023,https://i.ibb.co/pvzwSgWN/sl0023-ae-2026-04-11.jpg,Skeleton hand butterflies seal,StillImage,,Anneliese,,,,,,,image/jpeg,image,/objects/small/sl0023_ae_2026-04-11_sm.jpg,/objects/thumbs/sl0023_ae_2026-04-11_th.jpg
st0023,rd0023,https://i.ibb.co/0V1V5921/st0023-ae-2026-03-27.jpg,Skeleton hand butterflies stamp,StillImage,,Anneliese,VintageSealCo,Etsy,,,,AE_house,image/jpeg,image,/objects/small/st0023_ae_2026-03-27_sm.jpg,/objects/thumbs/st0023_ae_2026-03-27_th.jpg
rd0024,,,Skeleton hand rose,record,,Anneliese,VintageSealCo,Etsy,,1,bones;skeletons;hands;roses,,image/jpeg,multiple,/objects/small/sl0024_ae_2026-04-11_sm.jpg,/objects/thumbs/sl0024_ae_2026-04-11_th.jpg
sl0024,rd0024,https://i.ibb.co/Y4vpnBRd/sl0024-ae-2026-04-11.jpg,Skeleton hand rose seal,StillImage,,Anneliese,,,,,,,image/jpeg,image,/objects/small/sl0024_ae_2026-04-11_sm.jpg,/objects/thumbs/sl0024_ae_2026-04-11_th.jpg
st0024,rd0024,https://i.ibb.co/3yDq9htC/st0024-ae-2026-03-27.jpg,Skeleton hand rose stamp,StillImage,,Anneliese,VintageSealCo,Etsy,,,,AE_house,image/jpeg,image,/objects/small/st0024_ae_2026-03-27_sm.jpg,/objects/thumbs/st0024_ae_2026-03-27_th.jpg
rd0025,,,Ribcage,record,,Anneliese,VintageSealCo,Etsy,,1,bones;ribcages,,image/jpeg,multiple,/objects/small/sl0025_ae_2026-04-11_sm.jpg,/objects/thumbs/sl0025_ae_2026-04-11_th.jpg
sl0025,rd0025,https://i.ibb.co/PsVK4DDZ/sl0025-ae-2026-04-11.jpg,Ribcage seal,StillImage,,Anneliese,,,,,,,image/jpeg,image,/objects/small/sl0025_ae_2026-04-11_sm.jpg,/objects/thumbs/sl0025_ae_2026-04-11_th.jpg
st0025,rd0025,https://i.ibb.co/5WPVqTj5/st0025-ae-2026-03-27.jpg,Ribcage stamp,StillImage,,Anneliese,VintageSealCo,Etsy,,,,AE_house,image/jpeg,image,/objects/small/st0025_ae_2026-03-27_sm.jpg,/objects/thumbs/st0025_ae_2026-03-27_th.jpg
rd0026,,,Snowman,record,,Anneliese,ArtesCraftSupplies,Etsy,,1,winter;snowmen,,image/jpeg,multiple,/objects/small/sl0026_ae_2026-04-11_sm.jpg,/objects/thumbs/sl0026_ae_2026-04-11_th.jpg
sl0026,rd0026,https://i.ibb.co/N6p33yZb/sl0026-ae-2026-04-11.jpg,Snowman seal,StillImage,,Anneliese,,,,,,,image/jpeg,image,/objects/small/sl0026_ae_2026-04-11_sm.jpg,/objects/thumbs/sl0026_ae_2026-04-11_th.jpg
st0026,rd0026,https://i.ibb.co/cSmphGxq/st0026-ae-2026-03-27.jpg,Snowman stamp,StillImage,,Anneliese,ArtesCraftSupplies,Etsy,,,,AE_house,image/jpeg,image,/objects/small/st0026_ae_2026-03-27_sm.jpg,/objects/thumbs/st0026_ae_2026-03-27_th.jpg
rd0027,,,Spider web,record,,Anneliese,Made of Honour,Made of Honour,,1,spider webs,,image/jpeg,multiple,/objects/small/sl0027_ae_2026-04-11_sm.jpg,/objects/thumbs/sl0027_ae_2026-04-11_th.jpg
sl0027,rd0027,https://i.ibb.co/zHZCbfzR/sl0027-ae-2026-04-11.jpg,Spider web seal,StillImage,,Anneliese,,,,,,,image/jpeg,image,/objects/small/sl0027_ae_2026-04-11_sm.jpg,/objects/thumbs/sl0027_ae_2026-04-11_th.jpg
st0027,rd0027,https://i.ibb.co/WpsdDwPW/st0027-ae-2026-03-27.jpg,Spider web stamp,StillImage,,Anneliese,Made of Honour,Made of Honour,,,,AE_house,image/jpeg,image,/objects/small/st0027_ae_2026-03-27_sm.jpg,/objects/thumbs/st0027_ae_2026-03-27_th.jpg
rd0028,,,Winter cabin,record,,Anneliese,ArtesCraftSupplies,Etsy,,1,winter;log cabins,,image/jpeg,multiple,/objects/small/sl0028_ae_2026-04-11_sm.jpg,/objects/thumbs/sl0028_ae_2026-04-11_th.jpg
sl0028,rd0028,https://i.ibb.co/qL1JqQSF/sl0028-ae-2026-04-11.jpg,Winter cabin seal,StillImage,,Anneliese,,,,,,,image/jpeg,image,/objects/small/sl0028_ae_2026-04-11_sm.jpg,/objects/thumbs/sl0028_ae_2026-04-11_th.jpg
st0028,rd0028,https://i.ibb.co/jPPPqjQ9/st0028-ae-2026-03-27.jpg,Winter cabin stamp,StillImage,,Anneliese,ArtesCraftSupplies,Etsy,,,,AE_house,image/jpeg,image,/objects/small/st0028_ae_2026-03-27_sm.jpg,/objects/thumbs/st0028_ae_2026-03-27_th.jpg
rd0029,,,Cat ghostie,record,,Anneliese,Made of Honour,Made of Honour,,1,cats;ghosts;Halloween,,image/jpeg,multiple,/objects/small/sl0029_ae_2026-04-11_sm.jpg,/objects/thumbs/sl0029_ae_2026-04-11_th.jpg
sl0029,rd0029,https://i.ibb.co/DHF6WCHF/sl0029-ae-2026-04-11.jpg,Cat ghostie seal,StillImage,,Anneliese,,,,,,,image/jpeg,image,/objects/small/sl0029_ae_2026-04-11_sm.jpg,/objects/thumbs/sl0029_ae_2026-04-11_th.jpg
st0029,rd0029,https://i.ibb.co/20WYQfVb/st0029-ae-2026-03-27.jpg,Cat ghostie stamp,StillImage,,Anneliese,Made of Honour,Made of Honour,,,,AE_house,image/jpeg,image,/objects/small/st0029_ae_2026-03-27_sm.jpg,/objects/thumbs/st0029_ae_2026-03-27_th.jpg
rd0030,,,Octopus,record,,Anneliese,VintageSealCo,Etsy,,1,octopuses,,image/jpeg,multiple,/objects/small/sl0030_ae_2026-04-11_sm.jpg,/objects/thumbs/sl0030_ae_2026-04-11_th.jpg
sl0030,rd0030,https://i.ibb.co/rG2RC3Kx/sl0030-ae-2026-04-11.jpg,Octopus seal,StillImage,,Anneliese,,,,,,,image/jpeg,image,/objects/small/sl0030_ae_2026-04-11_sm.jpg,/objects/thumbs/sl0030_ae_2026-04-11_th.jpg
st0030,rd0030,https://i.ibb.co/RTZL4K3d/st0030-ae-2026-03-27.jpg,Octopus stamp,StillImage,,Anneliese,VintageSealCo,Etsy,,,,AE_house,image/jpeg,image,/objects/small/st0030_ae_2026-03-27_sm.jpg,/objects/thumbs/st0030_ae_2026-03-27_th.jpg
rd0031,,,Skull lover,record,,Anneliese,AmyWeddingSupplies,Etsy,,1,bones;skeletons,,image/jpeg,multiple,/objects/small/sl0031_ae_2026-04-11_sm.jpg,/objects/thumbs/sl0031_ae_2026-04-11_th.jpg
sl0031,rd0031,https://i.ibb.co/WW7cL2hs/sl0031-ae-2026-04-11.jpg,Skull lover seal,StillImage,,Anneliese,,,,,,,image/jpeg,image,/objects/small/sl0031_ae_2026-04-11_sm.jpg,/objects/thumbs/sl0031_ae_2026-04-11_th.jpg
st0031,rd0031,https://i.ibb.co/5gdgc8hw/st0031-ae-2026-03-27.jpg,Skull lover stamp,StillImage,,Anneliese,AmyWeddingSupplies,Etsy,,,,AE_house,image/jpeg,image,/objects/small/st0031_ae_2026-03-27_sm.jpg,/objects/thumbs/st0031_ae_2026-03-27_th.jpg
rd0032,,,Rose skull,record,,Anneliese,EmilyCraftSupplies,Etsy,,1,flowers;roses;bones;skulls,,image/jpeg,multiple,/objects/small/sl0032_ae_2026-04-11_sm.jpg,/objects/thumbs/sl0032_ae_2026-04-11_th.jpg
sl0032,rd0032,https://i.ibb.co/1YwyGsg5/sl0032-ae-2026-04-11.jpg,Rose skull seal,StillImage,,Anneliese,,,,,,,image/jpeg,image,/objects/small/sl0032_ae_2026-04-11_sm.jpg,/objects/thumbs/sl0032_ae_2026-04-11_th.jpg
st0032,rd0032,https://i.ibb.co/39hz4m59/st0032-ae-2026-03-27.jpg,Rose skull stamp,StillImage,,Anneliese,EmilyCraftSupplies,Etsy,,,,AE_house,image/jpeg,image,/objects/small/st0032_ae_2026-03-27_sm.jpg,/objects/thumbs/st0032_ae_2026-03-27_th.jpg
rd0033,,,Snowflakes,record,,Anneliese,ArtesCraftSupplies,Etsy,,1,snowflakes,,image/jpeg,multiple,/objects/small/sl0033_ae_2026-04-11_sm.jpg,/objects/thumbs/sl0033_ae_2026-04-11_th.jpg
sl0033,rd0033,https://i.ibb.co/P2VQ9ZH/sl0033-ae-2026-04-11.jpg,Snowflakes seal,StillImage,,Anneliese,,,,,,,image/jpeg,image,/objects/small/sl0033_ae_2026-04-11_sm.jpg,/objects/thumbs/sl0033_ae_2026-04-11_th.jpg
st0033,rd0033,https://i.ibb.co/p6bzG332/st0033-ae-2026-03-27.jpg,Snowflakes stamp,StillImage,,Anneliese,ArtesCraftSupplies,Etsy,,,,AE_house,image/jpeg,image,/objects/small/st0033_ae_2026-03-27_sm.jpg,/objects/thumbs/st0033_ae_2026-03-27_th.jpg
rd0034,,,Strawberries,record,,Anneliese,Made of Honour,Made of Honour,,1,strawberries,,image/jpeg,multiple,/objects/small/sl0034_ae_2026-05-02_sm.jpg,/objects/thumbs/sl0034_ae_2026-05-02_th.jpg
sl0034,rd0034,https://i.ibb.co/Hf6QctVF/sl0034-ae-2026-05-02.jpg,Strawberries seal,StillImage,,Anneliese,,,,,,,image/jpeg,image,/objects/small/sl0034_ae_2026-05-02_sm.jpg,/objects/thumbs/sl0034_ae_2026-05-02_th.jpg
st0034,rd0034,https://i.ibb.co/399P2DfY/st0034-ae-2026-05-02.jpg,Strawberries stamp,StillImage,,Anneliese,Made of Honour,Made of Honour,,,,AE_house,image/jpeg,image,/objects/small/st0034_ae_2026-05-02_sm.jpg,/objects/thumbs/st0034_ae_2026-05-02_th.jpg
rd0035,,,Brain jellyfish,record,,Anneliese,VintageSealCo,Etsy,,1,jellyfishes;brain,,image/jpeg,multiple,/objects/small/sl0035_ae_2026-05-02_sm.jpg,/objects/thumbs/sl0035_ae_2026-05-02_th.jpg
sl0035,rd0035,https://i.ibb.co/Df8hBTfT/sl0035-ae-2026-05-02.jpg,Brain jellyfish seal,StillImage,,Anneliese,,,,,,,image/jpeg,image,/objects/small/sl0035_ae_2026-05-02_sm.jpg,/objects/thumbs/sl0035_ae_2026-05-02_th.jpg
st0035,rd0035,https://i.ibb.co/W4m6X8pf/st0035-ae-2026-05-02.jpg,Brain jellyfish stamp,StillImage,,Anneliese,VintageSealCo,Etsy,,,,AE_house,image/jpeg,image,/objects/small/st0035_ae_2026-05-02_sm.jpg,/objects/thumbs/st0035_ae_2026-05-02_th.jpg
rd0036,,,Pile of bones,record,,Anneliese,VintageSealCo,Etsy,,1,bones,,image/jpeg,multiple,/objects/small/sl0036_ae_2026-05-02_sm.jpg,/objects/thumbs/sl0036_ae_2026-05-02_th.jpg
sl0036,rd0036,https://i.ibb.co/n88bHmg7/sl0036-ae-2026-05-02.jpg,Pile of bones seal,StillImage,,Anneliese,,,,,,,image/jpeg,image,/objects/small/sl0036_ae_2026-05-02_sm.jpg,/objects/thumbs/sl0036_ae_2026-05-02_th.jpg
st0036,rd0036,https://i.ibb.co/WW00vM7v/st0036-ae-2026-05-02.jpg,Pile of bones stamp,StillImage,,Anneliese,VintageSealCo,Etsy,,,,AE_house,image/jpeg,image,/objects/small/st0036_ae_2026-05-02_sm.jpg,/objects/thumbs/st0036_ae_2026-05-02_th.jpg
rd0037,,,Lizard skeleton,record,,Anneliese,VintageSealCo,Etsy,,1,bones;skeletons;lizards,,image/jpeg,multiple,/objects/small/sl0037_ae_2026-05-02_sm.jpg,/objects/thumbs/sl0037_ae_2026-05-02_th.jpg
sl0037,rd0037,https://i.ibb.co/j9DjY1hF/sl0037-ae-2026-05-02.jpg,Lizard skeleton seal,StillImage,,Anneliese,,,,,,,image/jpeg,image,/objects/small/sl0037_ae_2026-05-02_sm.jpg,/objects/thumbs/sl0037_ae_2026-05-02_th.jpg
st0037,rd0037,https://i.ibb.co/RpKg75gL/st0037-ae-2026-05-02.jpg,Lizard skeleton stamp,StillImage,,Anneliese,VintageSealCo,Etsy,,,,AE_house,image/jpeg,image,/objects/small/st0037_ae_2026-05-02_sm.jpg,/objects/thumbs/st0037_ae_2026-05-02_th.jpg
rd0038,,,Witches broom cat,record,,Anneliese,VintageSealCo,Etsy,,1,cats;Halloween,,image/jpeg,multiple,/objects/small/sl0038_ae_2026-05-02_sm.jpg,/objects/thumbs/sl0038_ae_2026-05-02_th.jpg
sl0038,rd0038,https://i.ibb.co/scnfmN8/sl0038-ae-2026-05-02.jpg,Witches broom cat seal,StillImage,,Anneliese,,,,,,,image/jpeg,image,/objects/small/sl0038_ae_2026-05-02_sm.jpg,/objects/thumbs/sl0038_ae_2026-05-02_th.jpg
st0038,rd0038,https://i.ibb.co/C5GhptwT/st0038-ae-2026-05-02.jpg,Witches broom cat stamp,StillImage,,Anneliese,VintageSealCo,Etsy,,,,AE_house,image/jpeg,image,/objects/small/st0038_ae_2026-05-02_sm.jpg,/objects/thumbs/st0038_ae_2026-05-02_th.jpg
rd0039,,,Solar system,record,,Anneliese,VintageSealCo,Etsy,,1,planets,,image/jpeg,multiple,/objects/small/sl0039_ae_2026-05-02_sm.jpg,/objects/thumbs/sl0039_ae_2026-05-02_th.jpg
sl0039,rd0039,https://i.ibb.co/hFYZ21SV/sl0039-ae-2026-05-02.jpg,Solar system seal,StillImage,,Anneliese,,,,,,,image/jpeg,image,/objects/small/sl0039_ae_2026-05-02_sm.jpg,/objects/thumbs/sl0039_ae_2026-05-02_th.jpg
st0039,rd0039,https://i.ibb.co/Y4n8mBNF/st0039-ae-2026-05-02.jpg,Solar system stamp,StillImage,,Anneliese,VintageSealCo,Etsy,,,,AE_house,image/jpeg,image,/objects/small/st0039_ae_2026-05-02_sm.jpg,/objects/thumbs/st0039_ae_2026-05-02_th.jpg
rd0040,,,Oak tree,record,,Anneliese,Made of Honour,Made of Honour,,1,trees;oak,,image/jpeg,multiple,/objects/small/sl0040_ae_2026-05-10_sm.jpg,/objects/thumbs/sl0040_ae_2026-05-10_th.jpg
sl0040,rd0040,https://i.ibb.co/mVchDSKb/sl0040-ae-2026-05-10.jpg,Oak tree seal,StillImage,,Anneliese,,,,,,,image/jpeg,image,/objects/small/sl0040_ae_2026-05-10_sm.jpg,/objects/thumbs/sl0040_ae_2026-05-10_th.jpg
st0040,rd0040,https://i.ibb.co/ZRjmCSzD/st0040-ae-2026-05-10.jpg,Oak tree stamp,StillImage,,Anneliese,Made of Honour,Made of Honour,,,,AE_house,image/jpeg,image,/objects/small/st0040_ae_2026-05-10_sm.jpg,/objects/thumbs/st0040_ae_2026-05-10_th.jpg
rd0041,,,Palm tree,record,2026,Antonio,Made of Honour,Made of Honour,,1,trees;palms,,image/jpeg,multiple,/objects/small/sl0041_ramg_2026-05-14_sm.jpg,/objects/thumbs/sl0041_ramg_2026-05-14_th.jpg
sl0041,rd0041,https://i.ibb.co/fdrWtyNz/sl0041-ramg-2026-05-14.jpg,Palm tree seal,StillImage,,Antonio,,,,,,,image/jpeg,image,/objects/small/sl0041_ramg_2026-05-14_sm.jpg,/objects/thumbs/sl0041_ramg_2026-05-14_th.jpg
st0041,rd0041,https://i.ibb.co/rGzdh6n9/st0041-ramg-2026-05-14.jpg,Palm tree stamp,StillImage,2026,Antonio,Made of Honour,Made of Honour,,,,AMG_house,image/jpeg,image,/objects/small/st0041_ramg_2026-05-14_sm.jpg,/objects/thumbs/st0041_ramg_2026-05-14_th.jpg
rd0042,,,Whale (cutout),record,2026,Antonio,Made of Honour,Made of Honour,,1,whales,,image/jpeg,multiple,/objects/small/sl0042_ramg_2026-05-14_sm.jpg,/objects/thumbs/sl0042_ramg_2026-05-14_th.jpg
sl0042,rd0042,https://i.ibb.co/8D5FDfRd/sl0042-ramg-2026-05-14.jpg,Whale (cutout) seal,StillImage,,Antonio,,,,,,,image/jpeg,image,/objects/small/sl0042_ramg_2026-05-14_sm.jpg,/objects/thumbs/sl0042_ramg_2026-05-14_th.jpg
st0042,rd0042,https://i.ibb.co/0pR0pvhz/st0042-ramg-2026-05-14.jpg,Whale (cutout) stamp,StillImage,2026,Antonio,Made of Honour,Made of Honour,,,,AMG_house,image/jpeg,image,/objects/small/st0042_ramg_2026-05-14_sm.jpg,/objects/thumbs/st0042_ramg_2026-05-14_th.jpg
rd0043,,,Mandala,record,2025,Antonio,Recollections,Michael's,,1,mandalas,,image/jpeg,multiple,/objects/small/sl0043_ramg_2026-05-14_sm.jpg,/objects/thumbs/sl0043_ramg_2026-05-14_th.jpg
sl0043,rd0043,https://i.ibb.co/G4LDdrHV/sl0043-ramg-2026-05-14.jpg,Mandala seal,StillImage,,,,,,,,,image/jpeg,image,/objects/small/sl0043_ramg_2026-05-14_sm.jpg,/objects/thumbs/sl0043_ramg_2026-05-14_th.jpg
st0043,rd0043,https://i.ibb.co/wZv3yrNb/st0043-ramg-2026-04-12.jpg,Mandala stamp,StillImage,2025,,Recollections,Michael's,,,,AMG_house,image/jpeg,image,/objects/small/st0043_ramg_2026-04-12_sm.jpg,/objects/thumbs/st0043_ramg_2026-04-12_th.jpg
rd0044,,,Typewriter,record,2025,Antonio,Made of Honour,Made of Honour,,1,typewriters,,image/jpeg,multiple,/objects/small/sl0044_ramg_2026-05-14_sm.jpg,/objects/thumbs/sl0044_ramg_2026-05-14_th.jpg
sl0044,rd0044,https://i.ibb.co/YFymx1Td/sl0044-ramg-2026-05-14.jpg,Typewriter seal,StillImage,,,,,,,,,image/jpeg,image,/objects/small/sl0044_ramg_2026-05-14_sm.jpg,/objects/thumbs/sl0044_ramg_2026-05-14_th.jpg
st0044,rd0044,https://i.ibb.co/3Y8hM9z4/st0044-ramg-2026-04-12.jpg,Typewriter stamp,StillImage,2025,,Made of Honour,Made of Honour,,,,AMG_house,image/jpeg,image,/objects/small/st0044_ramg_2026-04-12_sm.jpg,/objects/thumbs/st0044_ramg_2026-04-12_th.jpg
rd0045,,,Bouquet,record,2026,Antonio,Made of Honour,Made of Honour,,1,flowers,,image/jpeg,multiple,/objects/small/sl0045_ramg_2026-05-14_sm.jpg,/objects/thumbs/sl0045_ramg_2026-05-14_th.jpg
sl0045,rd0045,https://i.ibb.co/Csnz4Kzs/sl0045-ramg-2026-05-14.jpg,Bouquet seal,StillImage,,,,,,,,,image/jpeg,image,/objects/small/sl0045_ramg_2026-05-14_sm.jpg,/objects/thumbs/sl0045_ramg_2026-05-14_th.jpg
st0045,rd0045,https://i.ibb.co/0RFrSjKt/st0045-ramg-2026-04-12.jpg,Bouquet stamp,StillImage,2026,,Made of Honour,Made of Honour,,,,AMG_house,image/jpeg,image,/objects/small/st0045_ramg_2026-04-12_sm.jpg,/objects/thumbs/st0045_ramg_2026-04-12_th.jpg
rd0046,,,Key,record,2025,Antonio,Recollections,Michael's,,1,locks and keys,,image/jpeg,multiple,/objects/small/sl0046_ramg_2026-05-14_sm.jpg,/objects/thumbs/sl0046_ramg_2026-05-14_th.jpg
sl0046,rd0046,https://i.ibb.co/bMqKjKzV/sl0046-ramg-2026-05-14.jpg,Key seal,StillImage,,,,,,,,,image/jpeg,image,/objects/small/sl0046_ramg_2026-05-14_sm.jpg,/objects/thumbs/sl0046_ramg_2026-05-14_th.jpg
st0046,rd0046,https://i.ibb.co/kstp4cWh/st0046-ramg-2026-04-12.jpg,Key stamp,StillImage,2025,,Recollections,Michael's,,,,AMG_house,image/jpeg,image,/objects/small/st0046_ramg_2026-04-12_sm.jpg,/objects/thumbs/st0046_ramg_2026-04-12_th.jpg
rd0047,,,Compass,record,2025,Antonio,Recollections,Michael's,,1,compass,,image/jpeg,multiple,/objects/small/sl0047_ramg_2026-05-14_sm.jpg,/objects/thumbs/sl0047_ramg_2026-05-14_th.jpg
sl0047,rd0047,https://i.ibb.co/8nwxVwzK/sl0047-ramg-2026-05-14.jpg,Compass seal,StillImage,,,,,,,,,image/jpeg,image,/objects/small/sl0047_ramg_2026-05-14_sm.jpg,/objects/thumbs/sl0047_ramg_2026-05-14_th.jpg
st0047,rd0047,https://i.ibb.co/DHhLrrVy/st0047-ramg-2026-04-12.jpg,Compass stamp,StillImage,2025,,Recollections,Michael's,,,,AMG_house,image/jpeg,image,/objects/small/st0047_ramg_2026-04-12_sm.jpg,/objects/thumbs/st0047_ramg_2026-04-12_th.jpg
rd0048,,,Key (cutout),record,2026,Antonio,Made of Honour,Made of Honour,,1,locks and keys,,image/jpeg,multiple,/objects/small/sl0048_ramg_2026-05-14_sm.jpg,/objects/thumbs/sl0048_ramg_2026-05-14_th.jpg
sl0048,rd0048,https://i.ibb.co/B2KyMHhL/sl0048-ramg-2026-05-14.jpg,Key (cutout) seal,StillImage,,,,,,,,,image/jpeg,image,/objects/small/sl0048_ramg_2026-05-14_sm.jpg,/objects/thumbs/sl0048_ramg_2026-05-14_th.jpg
st0048,rd0048,https://i.ibb.co/C3ZxScfm/st0048-ramg-2026-04-12.jpg,Key (cutout) stamp,StillImage,2026,,Made of Honour,Made of Honour,,,,AMG_house,image/jpeg,image,/objects/small/st0048_ramg_2026-04-12_sm.jpg,/objects/thumbs/st0048_ramg_2026-04-12_th.jpg
rd0049,,,Ornament (cutout),record,2025,Antonio,Made of Honour,Made of Honour,,1,Christmas tree ornaments,,image/jpeg,multiple,/objects/small/sl0049_ramg_2026-05-14_sm.jpg,/objects/thumbs/sl0049_ramg_2026-05-14_th.jpg
sl0049,rd0049,https://i.ibb.co/d040mHF1/sl0049-ramg-2026-05-14.jpg,Ornament (cutout) seal,StillImage,,,,,,,,,image/jpeg,image,/objects/small/sl0049_ramg_2026-05-14_sm.jpg,/objects/thumbs/sl0049_ramg_2026-05-14_th.jpg
st0049,rd0049,https://i.ibb.co/cS2tBnYr/st0049-ramg-2026-04-12.jpg,Ornament (cutout) stamp,StillImage,2025,,Made of Honour,Made of Honour,,,,AMG_house,image/jpeg,image,/objects/small/st0049_ramg_2026-04-12_sm.jpg,/objects/thumbs/st0049_ramg_2026-04-12_th.jpg
rd0050,,,Townhouse,record,,Antonio,Made of Honour,Made of Honour,,1,row houses,,image/jpeg,multiple,/objects/small/sl0050_ramg_2026-05-14_sm.jpg,/objects/thumbs/sl0050_ramg_2026-05-14_th.jpg
sl0050,rd0050,https://i.ibb.co/rhjxT7s/sl0050-ramg-2026-05-14.jpg,Townhouse seal,StillImage,,,,,,,,,image/jpeg,image,/objects/small/sl0050_ramg_2026-05-14_sm.jpg,/objects/thumbs/sl0050_ramg_2026-05-14_th.jpg
st0050,rd0050,https://i.ibb.co/cc2yg5nL/st0050-ramg-2026-04-12.jpg,Townhouse stamp,StillImage,,,Made of Honour,Made of Honour,,,,AMG_house,image/jpeg,image,/objects/small/st0050_ramg_2026-04-12_sm.jpg,/objects/thumbs/st0050_ramg_2026-04-12_th.jpg
rd0051,,,Heart envelope,record,2026,Antonio,Made of Honour,Made of Honour,,1,heart;envelopes (stationery),,image/jpeg,multiple,/objects/small/sl0051_ramg_2026-05-14_sm.jpg,/objects/thumbs/sl0051_ramg_2026-05-14_th.jpg
sl0051,rd0051,https://i.ibb.co/fY17BS9Y/sl0051-ramg-2026-05-14.jpg,Heart envelope seal,StillImage,,,,,,,,,image/jpeg,image,/objects/small/sl0051_ramg_2026-05-14_sm.jpg,/objects/thumbs/sl0051_ramg_2026-05-14_th.jpg
st0051,rd0051,https://i.ibb.co/cXSqf3mk/st0051-ramg-2026-04-12.jpg,Heart envelope stamp,StillImage,2026,,Made of Honour,Made of Honour,,,,AMG_house,image/jpeg,image,/objects/small/st0051_ramg_2026-04-12_sm.jpg,/objects/thumbs/st0051_ramg_2026-04-12_th.jpg
rd0052,,,Happy birthday cat [custom],record,2026,Antonio,Made of Honour,Made of Honour,A custom birthday-themed stamp designed by Antonio,1,birthdays;cats;custom designs,,image/jpeg,multiple,/objects/small/sl0052_ramg_2026-05-14_sm.jpg,/objects/thumbs/sl0052_ramg_2026-05-14_th.jpg
sl0052,rd0052,https://i.ibb.co/xSk5H7jW/sl0052-ramg-2026-05-14.jpg,Happy birthday cat [custom] seal,StillImage,,,,,,,,,image/jpeg,image,/objects/small/sl0052_ramg_2026-05-14_sm.jpg,/objects/thumbs/sl0052_ramg_2026-05-14_th.jpg
st0052,rd0052,https://i.ibb.co/FbxZvcRT/st0052-ramg-2026-04-12.jpg,Happy birthday cat [custom] stamp,StillImage,2026,,Made of Honour,Made of Honour,,,,AMG_house,image/jpeg,image,/objects/small/st0052_ramg_2026-04-12_sm.jpg,/objects/thumbs/st0052_ramg_2026-04-12_th.jpg
rd0053,,,Ornaments,record,2025,Antonio,Made of Honour,Made of Honour,,1,Christmas decorations,,image/jpeg,multiple,/objects/small/sl0053_ramg_2026-05-14_sm.jpg,/objects/thumbs/sl0053_ramg_2026-05-14_th.jpg
sl0053,rd0053,https://i.ibb.co/HLz3hYHH/sl0053-ramg-2026-05-14.jpg,Ornaments seal,StillImage,,,,,,,,,image/jpeg,image,/objects/small/sl0053_ramg_2026-05-14_sm.jpg,/objects/thumbs/sl0053_ramg_2026-05-14_th.jpg
st0053,rd0053,https://i.ibb.co/WpsWpKjw/st0053-ramg-2026-04-12.jpg,Ornaments stamp,StillImage,2025,,Made of Honour,Made of Honour,,,,AMG_house,image/jpeg,image,/objects/small/st0053_ramg_2026-04-12_sm.jpg,/objects/thumbs/st0053_ramg_2026-04-12_th.jpg
rd0054,,,Gingerbread (cutout),record,2025,Antonio,Made of Honour,Made of Honour,,1,gingerbread men,,image/jpeg,multiple,/objects/small/sl0054_ramg_2026-05-14_sm.jpg,/objects/thumbs/sl0054_ramg_2026-05-14_th.jpg
sl0054,rd0054,https://i.ibb.co/CKWMVzPD/sl0054-ramg-2026-05-14.jpg,Gingerbread (cutout) seal,StillImage,,,,,,,,,image/jpeg,image,/objects/small/sl0054_ramg_2026-05-14_sm.jpg,/objects/thumbs/sl0054_ramg_2026-05-14_th.jpg
st0054,rd0054,https://i.ibb.co/BVXSXVmN/st0054-ramg-2026-04-12.jpg,Gingerbread (cutout) stamp,StillImage,2025,,Made of Honour,Made of Honour,,,,AMG_house,image/jpeg,image,/objects/small/st0054_ramg_2026-04-12_sm.jpg,/objects/thumbs/st0054_ramg_2026-04-12_th.jpg
rd0055,,,Tree,record,2025,Antonio,Recollections,Michael's,,1,trees,,image/jpeg,multiple,/objects/small/sl0055_ramg_2026-05-14_sm.jpg,/objects/thumbs/sl0055_ramg_2026-05-14_th.jpg
sl0055,rd0055,https://i.ibb.co/Kpw5Wd3Z/sl0055-ramg-2026-05-14.jpg,Tree seal,StillImage,,,,,,,,,image/jpeg,image,/objects/small/sl0055_ramg_2026-05-14_sm.jpg,/objects/thumbs/sl0055_ramg_2026-05-14_th.jpg
st0055,rd0055,https://i.ibb.co/43cjp7x/st0055-ramg-2026-04-12.jpg,Tree stamp,StillImage,2025,,Recollections,Michael's,,,,AMG_house,image/jpeg,image,/objects/small/st0055_ramg_2026-04-12_sm.jpg,/objects/thumbs/st0055_ramg_2026-04-12_th.jpg