objectid,parentid,object_location,title,item_type,date,owner_firstname,manufacturer,vendor,description,item_information,subject,location,format,identifier,display_template,image_small,image_thumb
st0001,rd0093,https://drive.google.com/file/d/13hwTP0y7PB39I62qsIK0DTntRHeTRfsv/view?usp=sharing,Amythest Academy [custom],StillImage,,Anneliese,Artisaire,Artisaire,,,,AE_house,image/jpeg,,image,/objects/small/st0001_ae_2026-03-27_sm.jpg,/objects/thumbs/st0001_ae_2026-03-27_th.jpg
st0002,rd0094,/objects/st0002_ae_2026-03-27.jpg,Barbed write butterfly,StillImage,,Anneliese,VintageSealCo,Etsy,,,butterflies,AE_house,image/jpeg,,image,/objects/small/st0002_ae_2026-03-27_sm.jpg,/objects/thumbs/st0002_ae_2026-03-27_th.jpg
st0003,rd0095,/objects/st0003_ae_2026-03-27.jpg,Flower bat,StillImage,,Anneliese,Livelifeandworld ,Etsy,,,bats,AE_house,image/jpeg,,image,/objects/small/st0003_ae_2026-03-27_sm.jpg,/objects/thumbs/st0003_ae_2026-03-27_th.jpg
st0004,rd0096,/objects/st0004_ae_2026-03-37.jpg,Happy birthday,StillImage,,Anneliese,Made of Honour,Made of Honour,,,birthdays,AE_house,image/jpeg,,image,/objects/small/st0004_ae_2026-03-27_sm.jpg,/objects/thumbs/st0004_ae_2026-03-27_th.jpg
st0005,rd0097,/objects/st0005_ae_2026-03-27.jpg,Blank (25mm),StillImage,,Anneliese,Made of Honour,Made of Honour,,,,AE_house,image/jpeg,,image,/objects/small/st0005_ae_2026-03-27_sm.jpg,/objects/thumbs/st0005_ae_2026-03-27_th.jpg
st0006,rd0098,/objects/st0006_ae_2026-03-27.jpg,Book butterflies,StillImage,,Anneliese,VintageSealCo,Etsy,,,butterflies,AE_house,image/jpeg,,image,/objects/small/st0006_ae_2026-03-27_sm.jpg,/objects/thumbs/st0006_ae_2026-03-27_th.jpg
st0007,rd0099,/objects/st0007_ae_2026-03-27.jpg,Butterfly,StillImage,,Anneliese,Made of Honour,Made of Honour,,,butterflies,AE_house,image/jpeg,,image,/objects/small/st0007_ae_2026-03-27_sm.jpg,/objects/thumbs/st0007_ae_2026-03-27_th.jpg
st0008,rd0100,/objects/st0008_ae_2026-03-27.jpg,Skull Cave,StillImage,,Anneliese,VintageSealCo,Etsy,,,,AE_house,image/jpeg,,image,/objects/small/st0008_ae_2026-03-27_sm.jpg,/objects/thumbs/st0008_ae_2026-03-27_th.jpg
st0009,rd0101,/objects/st0009_ae_2026-03-27.jpg,Xmas goose,StillImage,,Anneliese,Made of Honour,Made of Honour,,,,AE_house,image/jpeg,,image,/objects/small/st0009_ae_2026-03-27_sm.jpg,/objects/thumbs/st0009_ae_2026-03-27_th.jpg
st0010,rd0102,/objects/st0010_ae_2026-03-27.jpg,Dinosaur skull,StillImage,,Anneliese,VintageSealCo,Etsy,,,,AE_house,image/jpeg,,image,/objects/small/st0010_ae_2026-03-27_sm.jpg,/objects/thumbs/st0010_ae_2026-03-27_th.jpg
st0011,rd0103,/objects/st0011_ae_2026-03-27.jpg,Laurel wreath,StillImage,,Anneliese,Michael's,Made of Honour,,,,AE_house,image/jpeg,,image,/objects/small/st0011_ae_2026-03-27_sm.jpg,/objects/thumbs/st0011_ae_2026-03-27_th.jpg
st0012,rd0104,/objects/st0012_ae_2026-03-27.jpg,Ghostie,StillImage,,Anneliese,VintageSealCo,Etsy,,,,AE_house,image/jpeg,,image,/objects/small/st0012_ae_2026-03-27_sm.jpg,/objects/thumbs/st0012_ae_2026-03-27_th.jpg
st0013,rd0105,/objects/st0013_ae_2026-03-27.jpg,Ginkgo,StillImage,,Anneliese,ArtesCraftSupplies,Etsy,,,,AE_house,image/jpeg,,image,/objects/small/st0013_ae_2026-03-27_sm.jpg,/objects/thumbs/st0013_ae_2026-03-27_th.jpg
st0014,rd0106,/objects/st0014_ae_2026-03-27.jpg,Goose,StillImage,,Anneliese,Made of Honour,Made of Honour,,,,AE_house,image/jpeg,,image,/objects/small/st0014_ae_2026-03-27_sm.jpg,/objects/thumbs/st0014_ae_2026-03-27_th.jpg
st0015,rd0107,/objects/st0015_ae_2026-03-27.jpg,Jellyfish,StillImage,,Anneliese,VintageSealCo,Etsy,,,,AE_house,image/jpeg,,image,/objects/small/st0015_ae_2026-03-27_sm.jpg,/objects/thumbs/st0015_ae_2026-03-27_th.jpg
st0016,rd0108,/objects/st0016_ae_2026-03-27.jpg,Owl,StillImage,,Anneliese,Made of Honour,Made of Honour,,,,AE_house,image/jpeg,,image,/objects/small/st0016_ae_2026-03-27_sm.jpg,/objects/thumbs/st0016_ae_2026-03-27_th.jpg
st0017,rd0109,/objects/st0017_ae_2026-03-27.jpg,Paws,StillImage,,Anneliese,Livelifeandworld ,Etsy,,,,AE_house,image/jpeg,,image,/objects/small/st0017_ae_2026-03-27_sm.jpg,/objects/thumbs/st0017_ae_2026-03-27_th.jpg
st0018,rd0110,/objects/st0018_ae_2026-03-27.jpg,Readme [custom],StillImage,,Anneliese,Artisaire,Artisaire,,,,AE_house,image/jpeg,,image,/objects/small/st0018_ae_2026-03-27_sm.jpg,/objects/thumbs/st0018_ae_2026-03-27_th.jpg
st0019,rd0111,/objects/st0019_ae_2026-03-27.jpg,English rose,StillImage,,Anneliese,Made of Honour,Made of Honour,,,,AE_house,image/jpeg,,image,/objects/small/st0019_ae_2026-03-27_sm.jpg,/objects/thumbs/st0019_ae_2026-03-27_th.jpg
st0020,rd0112,/objects/st0020_ae_2026-03-27.jpg,Rose [cutout],StillImage,,Anneliese,Made of Honour,Made of Honour,,,,AE_house,image/jpeg,,image,/objects/small/st0020_ae_2026-03-27_sm.jpg,/objects/thumbs/st0020_ae_2026-03-27_th.jpg
st0021,rd0113,/objects/st0021_ae_2026-03-27.jpg,Skeleton kitty,StillImage,,Anneliese,Made of Honour,Made of Honour,,,,AE_house,image/jpeg,,image,/objects/small/st0021_ae_2026-03-27_sm.jpg,/objects/thumbs/st0021_ae_2026-03-27_th.jpg
st0022,rd0114,/objects/st0022_ae_2026-03-27.jpg,Skeleton hand butterflies,StillImage,,Anneliese,VintageSealCo,Etsy,,,,AE_house,image/jpeg,,image,/objects/small/st0022_ae_2026-03-27_sm.jpg,/objects/thumbs/st0022_ae_2026-03-27_th.jpg
st0023,rd0115,/objects/st0023_ae_2026-03-27.jpg,Skeleton hand rose,StillImage,,Anneliese,VintageSealCo,Etsy,,,,AE_house,image/jpeg,,image,/objects/small/st0023_ae_2026-03-27_sm.jpg,/objects/thumbs/st0023_ae_2026-03-27_th.jpg
st0024,rd0116,/objects/st0024_ae_2026-03-27.jpg,Ribcage,StillImage,,Anneliese,VintageSealCo,Etsy,,,,AE_house,image/jpeg,,image,/objects/small/st0024_ae_2026-03-27_sm.jpg,/objects/thumbs/st0024_ae_2026-03-27_th.jpg
st0025,rd0117,/objects/st0025_ae_2026-03-27.jpg,Snowman,StillImage,,Anneliese,ArtesCraftSupplies,Etsy,,,,AE_house,image/jpeg,,image,/objects/small/st0025_ae_2026-03-27_sm.jpg,/objects/thumbs/st0025_ae_2026-03-27_th.jpg
st0026,rd0118,/objects/st0026_ae_2026-03-27.jpg,Spider web,StillImage,,Anneliese,Made of Honour,Made of Honour,,,,AE_house,image/jpeg,,image,/objects/small/st0026_ae_2026-03-27_sm.jpg,/objects/thumbs/st0026_ae_2026-03-27_th.jpg
st0027,rd0119,/objects/st0027_ae_2026-03-27.jpg,Winter cabin,StillImage,,Anneliese,ArtesCraftSupplies,Etsy,,,,AE_house,image/jpeg,,image,/objects/small/st0027_ae_2026-03-27_sm.jpg,/objects/thumbs/st0027_ae_2026-03-27_th.jpg
st0028,rd0120,/objects/st0028_ae_2026-03-27.jpg,Cat ghostie,StillImage,,Anneliese,Made of Honour,Made of Honour,,,,AE_house,image/jpeg,,image,/objects/small/st0028_ae_2026-03-27_sm.jpg,/objects/thumbs/st0028_ae_2026-03-27_th.jpg
st0029,rd0121,/objects/st0029_ae_2026-03-27.jpg,Octopus,StillImage,,Anneliese,VintageSealCo,Etsy,,,,AE_house,image/jpeg,,image,/objects/small/st0029_ae_2026-03-27_sm.jpg,/objects/thumbs/st0029_ae_2026-03-27_th.jpg
st0030,rd0122,/objects/st0030_ae_2026-03-27.jpg,Skull lover,StillImage,,Anneliese,AmyWeddingSupplies,Etsy,,,,AE_house,image/jpeg,,image,/objects/small/st0030_ae_2026-03-27_sm.jpg,/objects/thumbs/st0030_ae_2026-03-27_th.jpg
st0031,rd0123,/objects/st0031_ae_2026-03-27.jpg,Rose skull,StillImage,,Anneliese,EmilyCraftSupplies,Etsy,,,,AE_house,image/jpeg,,image,/objects/small/st0031_ae_2026-03-27_sm.jpg,/objects/thumbs/st0031_ae_2026-03-27_th.jpg
st0032,rd0124,/objects/st0032_ae_2026-03-27.jpg,Snowflakes,StillImage,,Anneliese,ArtesCraftSupplies,Etsy,,,,AE_house,image/jpeg,,image,/objects/small/st0032_ae_2026-03-27_sm.jpg,/objects/thumbs/st0032_ae_2026-03-27_th.jpg
st0033,rd0125,/objects/st0033_ae_2026-05-02.jpg,Strawberries,StillImage,,Anneliese,Made of Honour,Made of Honour,,,,AE_house,image/jpeg,,image,/objects/small/st0033_ae_2026-05-02_sm.jpg,/objects/thumbs/st0033_ae_2026-05-02_th.jpg
st0034,rd0126,https://www.tumblr.com/annieeee-stamps-and-seals/816067040743981056,Brain jellyfish,StillImage,,Anneliese,VintageSealCo,Etsy,,,,AE_house,image/jpeg,,image,/objects/small/st0034_ae_2026-05-02_sm.jpg,/objects/thumbs/st0034_ae_2026-05-02_th.jpg
st0035,rd0127,/objects/st0035_ae_2026-05-02.jpg,Pile of bones,StillImage,,Anneliese,VintageSealCo,Etsy,,,,AE_house,image/jpeg,,image,/objects/small/st0035_ae_2026-05-02_sm.jpg,/objects/thumbs/st0035_ae_2026-05-02_th.jpg
st0036,rd0128,/objects/st0036_ae_2026-05-02.jpg,Lizard skeleton,StillImage,,Anneliese,VintageSealCo,Etsy,,,,AE_house,image/jpeg,,image,/objects/small/st0036_ae_2026-05-02_sm.jpg,/objects/thumbs/st0036_ae_2026-05-02_th.jpg
st0037,rd0129,/objects/st0037_ae_2026-05-02.jpg,Witches broom cat,StillImage,,Anneliese,VintageSealCo,Etsy,,,,AE_house,image/jpeg,,image,/objects/small/st0037_ae_2026-05-02_sm.jpg,/objects/thumbs/st0037_ae_2026-05-02_th.jpg
st0038,rd0130,/objects/st0038_ae_2026-05-02.jpg,Solar system,StillImage,,Anneliese,VintageSealCo,Etsy,,,,AE_house,image/jpeg,,image,/objects/small/st0038_ae_2026-05-02_sm.jpg,/objects/thumbs/st0038_ae_2026-05-02_th.jpg
st0039,rd0131,/objects/st0039_ae_2026-05-02.jpg,Beetle glyphs,StillImage,,Anneliese,VintageSealCo,Etsy,,,,AE_house,image/jpeg,,image,/objects/small/st0039_ae_2026-05-02_sm.jpg,/objects/thumbs/st0039_ae_2026-05-02_th.jpg
st0040,,/objects/st0040_ramg_2026-04-12.jpg,Gingerbread,StillImage,,Antonio,Made of Honour,Made of Honour,,,,AMG_house,image/jpeg,,image,/objects/small/st0040_ramg_2026-04-12_sm.jpg,/objects/thumbs/st0040_ramg_2026-04-12_th.jpg
st0041,,/objects/st0041_ramg_2026-04-12.jpg,,StillImage,,Antonio,,,,,,AMG_house,image/jpeg,,image,/objects/small/st0041_ramg_2026-04-12_sm.jpg,/objects/thumbs/st0041_ramg_2026-04-12_th.jpg
st0042,,/objects/st0042_ramg_2026-04-12.jpg,Ornaments,StillImage,,Antonio,Made of Honour,Made of Honour,,,,AMG_house,image/jpeg,,image,/objects/small/st0042_ramg_2026-04-12_sm.jpg,/objects/thumbs/st0042_ramg_2026-04-12_th.jpg
st0043,,/objects/st0043_ramg_2026-04-12.jpg,,StillImage,,Antonio,,,,,,AMG_house,image/jpeg,,image,/objects/small/st0043_ramg_2026-04-12_sm.jpg,/objects/thumbs/st0043_ramg_2026-04-12_th.jpg
st0044,,/objects/st0044_ramg_2026-04-12.jpg,Readme [custom],StillImage,,Antonio,Artisaire,Artisaire,,,,AMG_house,image/jpeg,,image,/objects/small/st0044_ramg_2026-04-12_sm.jpg,/objects/thumbs/st0044_ramg_2026-04-12_th.jpg
st0045,,/objects/st0045_ramg_2026-04-12.jpg,Typewriter,StillImage,,Antonio,Made of Honour,Made of Honour,,,typewriters,AMG_house,image/jpeg,,image,/objects/small/st0045_ramg_2026-04-12_sm.jpg,/objects/thumbs/st0045_ramg_2026-04-12_th.jpg
st0046,,/objects/st0046_ramg_2026-04-12.jpg,Bouquet,StillImage,,Antonio,Made of Honour,Made of Honour,,,,AMG_house,image/jpeg,,image,/objects/small/st0046_ramg_2026-04-12_sm.jpg,/objects/thumbs/st0046_ramg_2026-04-12_th.jpg
st0047,,/objects/st0047_ramg_2026-04-12.jpg,,StillImage,,Antonio,,,,,,AMG_house,image/jpeg,,image,/objects/small/st0047_ramg_2026-04-12_sm.jpg,/objects/thumbs/st0047_ramg_2026-04-12_th.jpg
st0048,,/objects/st0048_ramg_2026-04-12.jpg,Compass,StillImage,,Antonio,Michael's Recollection,,,,compass,AMG_house,image/jpeg,,image,/objects/small/st0048_ramg_2026-04-12_sm.jpg,/objects/thumbs/st0048_ramg_2026-04-12_th.jpg
st0049,,/objects/st0049_ramg_2026-04-12.jpg,Key [cutout],StillImage,,Antonio,Made of Honour,Made of Honour,,,,AMG_house,image/jpeg,,image,/objects/small/st0049_ramg_2026-04-12_sm.jpg,/objects/thumbs/st0049_ramg_2026-04-12_th.jpg
st0050,,/objects/st0050_ramg_2026-04-12.jpg,Ornament [cutout],StillImage,,Antonio,Made of Honour,Made of Honour,,,,AMG_house,image/jpeg,,image,/objects/small/st0050_ramg_2026-04-12_sm.jpg,/objects/thumbs/st0050_ramg_2026-04-12_th.jpg
st0051,,/objects/st0051_ramg_2026-04-12.jpg,Townhouse,StillImage,,Antonio,Made of Honour,Made of Honour,,,row houses,AMG_house,image/jpeg,,image,/objects/small/st0051_ramg_2026-04-12_sm.jpg,/objects/thumbs/st0051_ramg_2026-04-12_th.jpg
st0052,,/objects/st0052_ramg_2026-04-12.jpg,Heart envelope,StillImage,,Antonio,Made of Honour,Made of Honour,,,,AMG_house,image/jpeg,,image,/objects/small/st0052_ramg_2026-04-12_sm.jpg,/objects/thumbs/st0052_ramg_2026-04-12_th.jpg
st0053,,/objects/st0053_ramg_2026-04-12.jpg,Happy birthday cat [custom],StillImage,,Antonio,Made of Honour,Made of Honour,,,birthdays,AMG_house,image/jpeg,,image,/objects/small/st0053_ramg_2026-04-12_sm.jpg,/objects/thumbs/st0053_ramg_2026-04-12_th.jpg
sl0054,rd0093,https://drive.google.com/file/d/1RAtaDry0DFm7__0fCplCF9OSMz0RuSrL/view?usp=sharing,Amythest Academy [custom],StillImage,,Anneliese,Artisaire,Artisaire,,,,AE_house,image/jpeg,,image,/objects/small/sl0054_ae_2026-04-11_sm.jpg,/objects/thumbs/sl0054_ae_2026-04-11_th.jpg
sl0055,rd0094,/objects/sl0055_ae_2026-04-11.jpg,Barbed write butterfly,StillImage,,Anneliese,VintageSealCo,Etsy,,,,AE_house,image/jpeg,,image,/objects/small/sl0055_ae_2026-04-11_sm.jpg,/objects/thumbs/sl0055_ae_2026-04-11_th.jpg
sl0056,rd0095,/objects/sl0056_ae_2026-04-11.jpg,Flower bat,StillImage,,Anneliese,Livelifeandworld ,Etsy,,,,AE_house,image/jpeg,,image,/objects/small/sl0056_ae_2026-04-11_sm.jpg,/objects/thumbs/sl0056_ae_2026-04-11_th.jpg
sl0057,rd0096,/objects/sl0057_ae_2026-04-11.jpg,Happy birthday,StillImage,,Anneliese,Made of Honour,Made of Honour,,,,AE_house,image/jpeg,,image,/objects/small/sl0057_ae_2026-04-11_sm.jpg,/objects/thumbs/sl0057_ae_2026-04-11_th.jpg
sl0058,rd0097,/objects/sl0058_ae_2026-04-11.jpg,Blank (25mm),StillImage,,Anneliese,Made of Honour,Made of Honour,,,,AE_house,image/jpeg,,image,/objects/small/sl0058_ae_2026-04-11_sm.jpg,/objects/thumbs/sl0058_ae_2026-04-11_th.jpg
sl0059,rd0098,/objects/sl0059_ae_2026-04-11.jpg,Book butterflies,StillImage,,Anneliese,VintageSealCo,Etsy,,,,AE_house,image/jpeg,,image,/objects/small/sl0059_ae_2026-04-11_sm.jpg,/objects/thumbs/sl0059_ae_2026-04-11_th.jpg
sl0060,rd0099,/objects/sl0060_ae_2026-04-11.jpg,Butterfly,StillImage,,Anneliese,Made of Honour,Made of Honour,,,,AE_house,image/jpeg,,image,/objects/small/sl0060_ae_2026-04-11_sm.jpg,/objects/thumbs/sl0060_ae_2026-04-11_th.jpg
sl0061,rd0100,/objects/sl0061_ae_2026-04-11.jpg,Skull Cave,StillImage,,Anneliese,VintageSealCo,Etsy,,,,AE_house,image/jpeg,,image,/objects/small/sl0061_ae_2026-04-11_sm.jpg,/objects/thumbs/sl0061_ae_2026-04-11_th.jpg
sl0062,rd0101,/objects/sl0062_ae_2026-04-11.jpg,Xmas goose,StillImage,,Anneliese,Made of Honour,Made of Honour,,,,AE_house,image/jpeg,,image,/objects/small/sl0062_ae_2026-04-11_sm.jpg,/objects/thumbs/sl0062_ae_2026-04-11_th.jpg
sl0063,rd0102,/objects/sl0063_ae_2026-04-11.jpg,Dinosaur skull,StillImage,,Anneliese,VintageSealCo,Etsy,,,,AE_house,image/jpeg,,image,/objects/small/sl0063_ae_2026-04-11_sm.jpg,/objects/thumbs/sl0063_ae_2026-04-11_th.jpg
sl0064,rd0103,/objects/sl0064_ae_2026-04-11.jpg,Laurel wreath,StillImage,,Anneliese,Michael's,Made of Honour,,,,AE_house,image/jpeg,,image,/objects/small/sl0064_ae_2026-04-11_sm.jpg,/objects/thumbs/sl0064_ae_2026-04-11_th.jpg
sl0065,rd0104,/objects/sl0065_ae_2026-04-11.jpg,Ghostie,StillImage,,Anneliese,VintageSealCo,Etsy,,,,AE_house,image/jpeg,,image,/objects/small/sl0065_ae_2026-04-11_sm.jpg,/objects/thumbs/sl0065_ae_2026-04-11_th.jpg
sl0066,rd0105,/objects/sl0066_ae_2026-04-11.jpg,Ginkgo,StillImage,,Anneliese,ArtesCraftSupplies,Etsy,,,,AE_house,image/jpeg,,image,/objects/small/sl0066_ae_2026-04-11_sm.jpg,/objects/thumbs/sl0066_ae_2026-04-11_th.jpg
sl0067,rd0106,/objects/sl0067_ae_2026-04-11.jpg,Goose,StillImage,,Anneliese,Made of Honour,Made of Honour,,,,AE_house,image/jpeg,,image,/objects/small/sl0067_ae_2026-04-11_sm.jpg,/objects/thumbs/sl0067_ae_2026-04-11_th.jpg
sl0068,rd0107,/objects/sl0068_ae_2026-04-11.jpg,Jellyfish,StillImage,,Anneliese,VintageSealCo,Etsy,,,,AE_house,image/jpeg,,image,/objects/small/sl0068_ae_2026-04-11_sm.jpg,/objects/thumbs/sl0068_ae_2026-04-11_th.jpg
sl0069,rd0108,/objects/sl0069_ae_2026-04-11.jpg,Owl,StillImage,,Anneliese,Made of Honour,Made of Honour,,,,AE_house,image/jpeg,,image,/objects/small/sl0069_ae_2026-04-11_sm.jpg,/objects/thumbs/sl0069_ae_2026-04-11_th.jpg
sl0070,rd0109,/objects/sl0070_ae_2026-04-11.jpg,Paws,StillImage,,Anneliese,Livelifeandworld ,Etsy,,,,AE_house,image/jpeg,,image,/objects/small/sl0070_ae_2026-04-11_sm.jpg,/objects/thumbs/sl0070_ae_2026-04-11_th.jpg
sl0071,rd0110,/objects/sl0071_ae_2026-04-11.jpg,Readme [custom],StillImage,,Anneliese,Artisaire,Artisaire,,,,AE_house,image/jpeg,,image,/objects/small/sl0071_ae_2026-04-11_sm.jpg,/objects/thumbs/sl0071_ae_2026-04-11_th.jpg
sl0072,rd0111,/objects/sl0072_ae_2026-04-11.jpg,English rose,StillImage,,Anneliese,Made of Honour,Made of Honour,,,,AE_house,image/jpeg,,image,/objects/small/sl0072_ae_2026-04-11_sm.jpg,/objects/thumbs/sl0072_ae_2026-04-11_th.jpg
sl0073,rd0112,/objects/sl0073_ae_2026-04-11.jpg,Rose [cutout],StillImage,,Anneliese,Made of Honour,Made of Honour,,,,AE_house,image/jpeg,,image,/objects/small/sl0073_ae_2026-04-11_sm.jpg,/objects/thumbs/sl0073_ae_2026-04-11_th.jpg
sl0074,rd0113,/objects/sl0074_ae_2026-04-11.jpg,Skeleton kitty,StillImage,,Anneliese,Made of Honour,Made of Honour,,,,AE_house,image/jpeg,,image,/objects/small/sl0074_ae_2026-04-11_sm.jpg,/objects/thumbs/sl0074_ae_2026-04-11_th.jpg
sl0075,rd0114,/objects/sl0075_ae_2026-04-11.jpg,Skeleton hand butterflies,StillImage,,Anneliese,VintageSealCo,Etsy,,,,AE_house,image/jpeg,,image,/objects/small/sl0075_ae_2026-04-11_sm.jpg,/objects/thumbs/sl0075_ae_2026-04-11_th.jpg
sl0076,rd0115,/objects/sl0076_ae_2026-04-11.jpg,Skeleton hand rose,StillImage,,Anneliese,VintageSealCo,Etsy,,,,AE_house,image/jpeg,,image,/objects/small/sl0076_ae_2026-04-11_sm.jpg,/objects/thumbs/sl0076_ae_2026-04-11_th.jpg
sl0077,rd0116,/objects/sl0077_ae_2026-04-11.jpg,Ribcage,StillImage,,Anneliese,VintageSealCo,Etsy,,,,AE_house,image/jpeg,,image,/objects/small/sl0077_ae_2026-04-11_sm.jpg,/objects/thumbs/sl0077_ae_2026-04-11_th.jpg
sl0078,rd0117,/objects/sl0078_ae_2026-04-11.jpg,Snowman,StillImage,,Anneliese,ArtesCraftSupplies,Etsy,,,,AE_house,image/jpeg,,image,/objects/small/sl0078_ae_2026-04-11_sm.jpg,/objects/thumbs/sl0078_ae_2026-04-11_th.jpg
sl0079,rd0118,/objects/sl0079_ae_2026-04-11.jpg,Spider web,StillImage,,Anneliese,Made of Honour,Made of Honour,,,,AE_house,image/jpeg,,image,/objects/small/sl0079_ae_2026-04-11_sm.jpg,/objects/thumbs/sl0079_ae_2026-04-11_th.jpg
sl0080,rd0119,/objects/sl0080_ae_2026-04-11.jpg,Winter cabin,StillImage,,Anneliese,ArtesCraftSupplies,Etsy,,,,AE_house,image/jpeg,,image,/objects/small/sl0080_ae_2026-04-11_sm.jpg,/objects/thumbs/sl0080_ae_2026-04-11_th.jpg
sl0081,rd0120,/objects/sl0081_ae_2026-04-11.jpg,Cat ghostie,StillImage,,Anneliese,Made of Honour,Made of Honour,,,,AE_house,image/jpeg,,image,/objects/small/sl0081_ae_2026-04-11_sm.jpg,/objects/thumbs/sl0081_ae_2026-04-11_th.jpg
sl0082,rd0121,/objects/sl0082_ae_2026-04-11.jpg,Octopus,StillImage,,Anneliese,VintageSealCo,Etsy,,,,AE_house,image/jpeg,,image,/objects/small/sl0082_ae_2026-04-11_sm.jpg,/objects/thumbs/sl0082_ae_2026-04-11_th.jpg
sl0083,rd0122,/objects/sl0083_ae_2026-04-11.jpg,Skull lover,StillImage,,Anneliese,AmyWeddingSupplies,Etsy,,,,AE_house,image/jpeg,,image,/objects/small/sl0083_ae_2026-04-11_sm.jpg,/objects/thumbs/sl0083_ae_2026-04-11_th.jpg
sl0084,rd0123,/objects/sl0084_ae_2026-04-11.jpg,Rose skull,StillImage,,Anneliese,EmilyCraftSupplies,Etsy,,,,AE_house,image/jpeg,,image,/objects/small/sl0084_ae_2026-04-11_sm.jpg,/objects/thumbs/sl0084_ae_2026-04-11_th.jpg
sl0085,rd0124,/objects/sl0085_ae_2026-04-11.jpg,Snowflakes,StillImage,,Anneliese,ArtesCraftSupplies,Etsy,,,,AE_house,image/jpeg,,image,/objects/small/sl0085_ae_2026-04-11_sm.jpg,/objects/thumbs/sl0085_ae_2026-04-11_th.jpg
sl0086,rd0125,/objects/sl0086_ae_2026-05-02.jpg,Strawberries,StillImage,,Anneliese,Made of Honour,Made of Honour,,,,AE_house,image/jpeg,,image,/objects/small/sl0086_ae_2026-05-02_sm.jpg,/objects/thumbs/sl0086_ae_2026-05-02_th.jpg
sl0087,rd0126,https://www.tumblr.com/annieeee-stamps-and-seals/816067040743981056,Brain jellyfish,StillImage,,Anneliese,VintageSealCo,Etsy,,,,AE_house,image/jpeg,,image,/objects/small/sl0087_ae_2026-05-02_sm.jpg,/objects/thumbs/sl0087_ae_2026-05-02_th.jpg
sl0088,rd0127,/objects/sl0088_ae_2026-05-02.jpg,Pile of bones,StillImage,,Anneliese,VintageSealCo,Etsy,,,,AE_house,image/jpeg,,image,/objects/small/sl0088_ae_2026-05-02_sm.jpg,/objects/thumbs/sl0088_ae_2026-05-02_th.jpg
sl0089,rd0128,/objects/sl0089_ae_2026-05-02.jpg,Lizard skeleton,StillImage,,Anneliese,VintageSealCo,Etsy,,,,AE_house,image/jpeg,,image,/objects/small/sl0089_ae_2026-05-02_sm.jpg,/objects/thumbs/sl0089_ae_2026-05-02_th.jpg
sl0090,rd0129,/objects/sl0090_ae_2026-05-02.jpg,Witches broom cat,StillImage,,Anneliese,VintageSealCo,Etsy,,,,AE_house,image/jpeg,,image,/objects/small/sl0090_ae_2026-05-02_sm.jpg,/objects/thumbs/sl0090_ae_2026-05-02_th.jpg
sl0091,rd0130,/objects/sl0091_ae_2026-05-02.jpg,Solar system,StillImage,,Anneliese,VintageSealCo,Etsy,,,,AE_house,image/jpeg,,image,/objects/small/sl0091_ae_2026-05-02_sm.jpg,/objects/thumbs/sl0091_ae_2026-05-02_th.jpg
sl0092,rd0131,/objects/sl0092_ae_2026-05-02.jpg,Beetle glyphs,StillImage,,Anneliese,VintageSealCo,Etsy,,,,AE_house,image/jpeg,,image,/objects/small/sl0092_ae_2026-05-02_sm.jpg,/objects/thumbs/sl0092_ae_2026-05-02_th.jpg
rd0093,,https://drive.google.com/file/d/1RAtaDry0DFm7__0fCplCF9OSMz0RuSrL/view?usp=sharing,Amythest Academy [custom],StillImage,,Anneliese,Artisaire,Artisaire,,,,AE_house,image/jpeg,,multiple,/objects/small/sl0054_ae_2026-04-11_sm.jpg,/objects/thumbs/sl0054_ae_2026-04-11_th.jpg
rd0094,,/objects/sl0055_ae_2026-04-11.jpg,Barbed write butterfly,StillImage,,Anneliese,VintageSealCo,Etsy,,,,AE_house,image/jpeg,,multiple,/objects/small/sl0055_ae_2026-04-11_sm.jpg,/objects/thumbs/sl0055_ae_2026-04-11_th.jpg
rd0095,,/objects/sl0056_ae_2026-04-11.jpg,Flower bat,StillImage,,Anneliese,Livelifeandworld ,Etsy,,,,AE_house,image/jpeg,,multiple,/objects/small/sl0056_ae_2026-04-11_sm.jpg,/objects/thumbs/sl0056_ae_2026-04-11_th.jpg
rd0096,,/objects/sl0057_ae_2026-04-11.jpg,Happy birthday,StillImage,,Anneliese,Made of Honour,Made of Honour,,,,AE_house,image/jpeg,,multiple,/objects/small/sl0057_ae_2026-04-11_sm.jpg,/objects/thumbs/sl0057_ae_2026-04-11_th.jpg
rd0097,,/objects/sl0058_ae_2026-04-11.jpg,Blank (25mm),StillImage,,Anneliese,Made of Honour,Made of Honour,,,,AE_house,image/jpeg,,multiple,/objects/small/sl0058_ae_2026-04-11_sm.jpg,/objects/thumbs/sl0058_ae_2026-04-11_th.jpg
rd0098,,/objects/sl0059_ae_2026-04-11.jpg,Book butterflies,StillImage,,Anneliese,VintageSealCo,Etsy,,,,AE_house,image/jpeg,,multiple,/objects/small/sl0059_ae_2026-04-11_sm.jpg,/objects/thumbs/sl0059_ae_2026-04-11_th.jpg
rd0099,,/objects/sl0060_ae_2026-04-11.jpg,Butterfly,StillImage,,Anneliese,Made of Honour,Made of Honour,,,,AE_house,image/jpeg,,multiple,/objects/small/sl0060_ae_2026-04-11_sm.jpg,/objects/thumbs/sl0060_ae_2026-04-11_th.jpg
rd0100,,/objects/sl0061_ae_2026-04-11.jpg,Skull Cave,StillImage,,Anneliese,VintageSealCo,Etsy,,,,AE_house,image/jpeg,,multiple,/objects/small/sl0061_ae_2026-04-11_sm.jpg,/objects/thumbs/sl0061_ae_2026-04-11_th.jpg
rd0101,,/objects/sl0062_ae_2026-04-11.jpg,Xmas goose,StillImage,,Anneliese,Made of Honour,Made of Honour,,,,AE_house,image/jpeg,,multiple,/objects/small/sl0062_ae_2026-04-11_sm.jpg,/objects/thumbs/sl0062_ae_2026-04-11_th.jpg
rd0102,,/objects/sl0063_ae_2026-04-11.jpg,Dinosaur skull,StillImage,,Anneliese,VintageSealCo,Etsy,,,,AE_house,image/jpeg,,multiple,/objects/small/sl0063_ae_2026-04-11_sm.jpg,/objects/thumbs/sl0063_ae_2026-04-11_th.jpg
rd0103,,/objects/sl0064_ae_2026-04-11.jpg,Laurel wreath,StillImage,,Anneliese,Michael's,Made of Honour,,,,AE_house,image/jpeg,,multiple,/objects/small/sl0064_ae_2026-04-11_sm.jpg,/objects/thumbs/sl0064_ae_2026-04-11_th.jpg
rd0104,,/objects/sl0065_ae_2026-04-11.jpg,Ghostie,StillImage,,Anneliese,VintageSealCo,Etsy,,,,AE_house,image/jpeg,,multiple,/objects/small/sl0065_ae_2026-04-11_sm.jpg,/objects/thumbs/sl0065_ae_2026-04-11_th.jpg
rd0105,,/objects/sl0066_ae_2026-04-11.jpg,Ginkgo,StillImage,,Anneliese,ArtesCraftSupplies,Etsy,,,,AE_house,image/jpeg,,multiple,/objects/small/sl0066_ae_2026-04-11_sm.jpg,/objects/thumbs/sl0066_ae_2026-04-11_th.jpg
rd0106,,/objects/sl0067_ae_2026-04-11.jpg,Goose,StillImage,,Anneliese,Made of Honour,Made of Honour,,,,AE_house,image/jpeg,,multiple,/objects/small/sl0067_ae_2026-04-11_sm.jpg,/objects/thumbs/sl0067_ae_2026-04-11_th.jpg
rd0107,,/objects/sl0068_ae_2026-04-11.jpg,Jellyfish,StillImage,,Anneliese,VintageSealCo,Etsy,,,,AE_house,image/jpeg,,multiple,/objects/small/sl0068_ae_2026-04-11_sm.jpg,/objects/thumbs/sl0068_ae_2026-04-11_th.jpg
rd0108,,/objects/sl0069_ae_2026-04-11.jpg,Owl,StillImage,,Anneliese,Made of Honour,Made of Honour,,,,AE_house,image/jpeg,,multiple,/objects/small/sl0069_ae_2026-04-11_sm.jpg,/objects/thumbs/sl0069_ae_2026-04-11_th.jpg
rd0109,,/objects/sl0070_ae_2026-04-11.jpg,Paws,StillImage,,Anneliese,Livelifeandworld ,Etsy,,,,AE_house,image/jpeg,,multiple,/objects/small/sl0070_ae_2026-04-11_sm.jpg,/objects/thumbs/sl0070_ae_2026-04-11_th.jpg
rd0110,,/objects/sl0071_ae_2026-04-11.jpg,Readme [custom],StillImage,,Anneliese,Artisaire,Artisaire,,,,AE_house,image/jpeg,,multiple,/objects/small/sl0071_ae_2026-04-11_sm.jpg,/objects/thumbs/sl0071_ae_2026-04-11_th.jpg
rd0111,,/objects/sl0072_ae_2026-04-11.jpg,English rose,StillImage,,Anneliese,Made of Honour,Made of Honour,,,,AE_house,image/jpeg,,multiple,/objects/small/sl0072_ae_2026-04-11_sm.jpg,/objects/thumbs/sl0072_ae_2026-04-11_th.jpg
rd0112,,/objects/sl0073_ae_2026-04-11.jpg,Rose [cutout],StillImage,,Anneliese,Made of Honour,Made of Honour,,,,AE_house,image/jpeg,,multiple,/objects/small/sl0073_ae_2026-04-11_sm.jpg,/objects/thumbs/sl0073_ae_2026-04-11_th.jpg
rd0113,,/objects/sl0074_ae_2026-04-11.jpg,Skeleton kitty,StillImage,,Anneliese,Made of Honour,Made of Honour,,,,AE_house,image/jpeg,,multiple,/objects/small/sl0074_ae_2026-04-11_sm.jpg,/objects/thumbs/sl0074_ae_2026-04-11_th.jpg
rd0114,,/objects/sl0075_ae_2026-04-11.jpg,Skeleton hand butterflies,StillImage,,Anneliese,VintageSealCo,Etsy,,,,AE_house,image/jpeg,,multiple,/objects/small/sl0075_ae_2026-04-11_sm.jpg,/objects/thumbs/sl0075_ae_2026-04-11_th.jpg
rd0115,,/objects/sl0076_ae_2026-04-11.jpg,Skeleton hand rose,StillImage,,Anneliese,VintageSealCo,Etsy,,,,AE_house,image/jpeg,,multiple,/objects/small/sl0076_ae_2026-04-11_sm.jpg,/objects/thumbs/sl0076_ae_2026-04-11_th.jpg
rd0116,,/objects/sl0077_ae_2026-04-11.jpg,Ribcage,StillImage,,Anneliese,VintageSealCo,Etsy,,,,AE_house,image/jpeg,,multiple,/objects/small/sl0077_ae_2026-04-11_sm.jpg,/objects/thumbs/sl0077_ae_2026-04-11_th.jpg
rd0117,,/objects/sl0078_ae_2026-04-11.jpg,Snowman,StillImage,,Anneliese,ArtesCraftSupplies,Etsy,,,,AE_house,image/jpeg,,multiple,/objects/small/sl0078_ae_2026-04-11_sm.jpg,/objects/thumbs/sl0078_ae_2026-04-11_th.jpg
rd0118,,/objects/sl0079_ae_2026-04-11.jpg,Spider web,StillImage,,Anneliese,Made of Honour,Made of Honour,,,,AE_house,image/jpeg,,multiple,/objects/small/sl0079_ae_2026-04-11_sm.jpg,/objects/thumbs/sl0079_ae_2026-04-11_th.jpg
rd0119,,/objects/sl0080_ae_2026-04-11.jpg,Winter cabin,StillImage,,Anneliese,ArtesCraftSupplies,Etsy,,,,AE_house,image/jpeg,,multiple,/objects/small/sl0080_ae_2026-04-11_sm.jpg,/objects/thumbs/sl0080_ae_2026-04-11_th.jpg
rd0120,,/objects/sl0081_ae_2026-04-11.jpg,Cat ghostie,StillImage,,Anneliese,Made of Honour,Made of Honour,,,,AE_house,image/jpeg,,multiple,/objects/small/sl0081_ae_2026-04-11_sm.jpg,/objects/thumbs/sl0081_ae_2026-04-11_th.jpg
rd0121,,/objects/sl0082_ae_2026-04-11.jpg,Octopus,StillImage,,Anneliese,VintageSealCo,Etsy,,,,AE_house,image/jpeg,,multiple,/objects/small/sl0082_ae_2026-04-11_sm.jpg,/objects/thumbs/sl0082_ae_2026-04-11_th.jpg
rd0122,,/objects/sl0083_ae_2026-04-11.jpg,Skull lover,StillImage,,Anneliese,AmyWeddingSupplies,Etsy,,,,AE_house,image/jpeg,,multiple,/objects/small/sl0083_ae_2026-04-11_sm.jpg,/objects/thumbs/sl0083_ae_2026-04-11_th.jpg
rd0123,,/objects/sl0084_ae_2026-04-11.jpg,Rose skull,StillImage,,Anneliese,EmilyCraftSupplies,Etsy,,,,AE_house,image/jpeg,,multiple,/objects/small/sl0084_ae_2026-04-11_sm.jpg,/objects/thumbs/sl0084_ae_2026-04-11_th.jpg
rd0124,,/objects/sl0085_ae_2026-04-11.jpg,Snowflakes,StillImage,,Anneliese,ArtesCraftSupplies,Etsy,,,,AE_house,image/jpeg,,multiple,/objects/small/sl0085_ae_2026-04-11_sm.jpg,/objects/thumbs/sl0085_ae_2026-04-11_th.jpg
rd0125,,/objects/sl0086_ae_2026-05-02.jpg,Strawberries,StillImage,,Anneliese,Made of Honour,Made of Honour,,,,AE_house,image/jpeg,,multiple,/objects/small/sl0086_ae_2026-05-02_sm.jpg,/objects/thumbs/sl0086_ae_2026-05-02_th.jpg
rd0126,,https://www.tumblr.com/annieeee-stamps-and-seals/816067040743981056,Brain jellyfish,StillImage,,Anneliese,VintageSealCo,Etsy,,,,AE_house,image/jpeg,,multiple,/objects/small/sl0087_ae_2026-05-02_sm.jpg,/objects/thumbs/sl0087_ae_2026-05-02_th.jpg
rd0127,,/objects/sl0088_ae_2026-05-02.jpg,Pile of bones,StillImage,,Anneliese,VintageSealCo,Etsy,,,,AE_house,image/jpeg,,multiple,/objects/small/sl0088_ae_2026-05-02_sm.jpg,/objects/thumbs/sl0088_ae_2026-05-02_th.jpg
rd0128,,/objects/sl0089_ae_2026-05-02.jpg,Lizard skeleton,StillImage,,Anneliese,VintageSealCo,Etsy,,,,AE_house,image/jpeg,,multiple,/objects/small/sl0089_ae_2026-05-02_sm.jpg,/objects/thumbs/sl0089_ae_2026-05-02_th.jpg
rd0129,,/objects/sl0090_ae_2026-05-02.jpg,Witches broom cat,StillImage,,Anneliese,VintageSealCo,Etsy,,,,AE_house,image/jpeg,,multiple,/objects/small/sl0090_ae_2026-05-02_sm.jpg,/objects/thumbs/sl0090_ae_2026-05-02_th.jpg
rd0130,,/objects/sl0091_ae_2026-05-02.jpg,Solar system,StillImage,,Anneliese,VintageSealCo,Etsy,,,,AE_house,image/jpeg,,multiple,/objects/small/sl0091_ae_2026-05-02_sm.jpg,/objects/thumbs/sl0091_ae_2026-05-02_th.jpg
rd0131,,/objects/sl0092_ae_2026-05-02.jpg,Beetle glyphs,StillImage,,Anneliese,VintageSealCo,Etsy,,,,AE_house,image/jpeg,,multiple,/objects/small/sl0092_ae_2026-05-02_sm.jpg,/objects/thumbs/sl0092_ae_2026-05-02_th.jpg