filename,object_location,image_small,image_thumb
sl0054_ae_2026-04-11.jpg,/objects/sl0054_ae_2026-04-11.jpg,/objects/small/sl0054_ae_2026-04-11_sm.jpg,/objects/thumbs/sl0054_ae_2026-04-11_th.jpg
sl0055_ae_2026-04-11.jpg,/objects/sl0055_ae_2026-04-11.jpg,/objects/small/sl0055_ae_2026-04-11_sm.jpg,/objects/thumbs/sl0055_ae_2026-04-11_th.jpg
sl0056_ae_2026-04-11.jpg,/objects/sl0056_ae_2026-04-11.jpg,/objects/small/sl0056_ae_2026-04-11_sm.jpg,/objects/thumbs/sl0056_ae_2026-04-11_th.jpg
sl0057_ae_2026-04-11.jpg,/objects/sl0057_ae_2026-04-11.jpg,/objects/small/sl0057_ae_2026-04-11_sm.jpg,/objects/thumbs/sl0057_ae_2026-04-11_th.jpg
sl0058_ae_2026-04-11.jpg,/objects/sl0058_ae_2026-04-11.jpg,/objects/small/sl0058_ae_2026-04-11_sm.jpg,/objects/thumbs/sl0058_ae_2026-04-11_th.jpg
sl0059_ae_2026-04-11.jpg,/objects/sl0059_ae_2026-04-11.jpg,/objects/small/sl0059_ae_2026-04-11_sm.jpg,/objects/thumbs/sl0059_ae_2026-04-11_th.jpg
sl0060_ae_2026-04-11.jpg,/objects/sl0060_ae_2026-04-11.jpg,/objects/small/sl0060_ae_2026-04-11_sm.jpg,/objects/thumbs/sl0060_ae_2026-04-11_th.jpg
sl0061_ae_2026-04-11.jpg,/objects/sl0061_ae_2026-04-11.jpg,/objects/small/sl0061_ae_2026-04-11_sm.jpg,/objects/thumbs/sl0061_ae_2026-04-11_th.jpg
sl0062_ae_2026-04-11.jpg,/objects/sl0062_ae_2026-04-11.jpg,/objects/small/sl0062_ae_2026-04-11_sm.jpg,/objects/thumbs/sl0062_ae_2026-04-11_th.jpg
sl0063_ae_2026-04-11.jpg,/objects/sl0063_ae_2026-04-11.jpg,/objects/small/sl0063_ae_2026-04-11_sm.jpg,/objects/thumbs/sl0063_ae_2026-04-11_th.jpg
sl0064_ae_2026-04-11.jpg,/objects/sl0064_ae_2026-04-11.jpg,/objects/small/sl0064_ae_2026-04-11_sm.jpg,/objects/thumbs/sl0064_ae_2026-04-11_th.jpg
sl0065_ae_2026-04-11.jpg,/objects/sl0065_ae_2026-04-11.jpg,/objects/small/sl0065_ae_2026-04-11_sm.jpg,/objects/thumbs/sl0065_ae_2026-04-11_th.jpg
sl0066_ae_2026-04-11.jpg,/objects/sl0066_ae_2026-04-11.jpg,/objects/small/sl0066_ae_2026-04-11_sm.jpg,/objects/thumbs/sl0066_ae_2026-04-11_th.jpg
sl0067_ae_2026-04-11.jpg,/objects/sl0067_ae_2026-04-11.jpg,/objects/small/sl0067_ae_2026-04-11_sm.jpg,/objects/thumbs/sl0067_ae_2026-04-11_th.jpg
sl0068_ae_2026-04-11.jpg,/objects/sl0068_ae_2026-04-11.jpg,/objects/small/sl0068_ae_2026-04-11_sm.jpg,/objects/thumbs/sl0068_ae_2026-04-11_th.jpg
sl0069_ae_2026-04-11.jpg,/objects/sl0069_ae_2026-04-11.jpg,/objects/small/sl0069_ae_2026-04-11_sm.jpg,/objects/thumbs/sl0069_ae_2026-04-11_th.jpg
sl0070_ae_2026-04-11.jpg,/objects/sl0070_ae_2026-04-11.jpg,/objects/small/sl0070_ae_2026-04-11_sm.jpg,/objects/thumbs/sl0070_ae_2026-04-11_th.jpg
sl0071_ae_2026-04-11.jpg,/objects/sl0071_ae_2026-04-11.jpg,/objects/small/sl0071_ae_2026-04-11_sm.jpg,/objects/thumbs/sl0071_ae_2026-04-11_th.jpg
sl0072_ae_2026-04-11.jpg,/objects/sl0072_ae_2026-04-11.jpg,/objects/small/sl0072_ae_2026-04-11_sm.jpg,/objects/thumbs/sl0072_ae_2026-04-11_th.jpg
sl0073_ae_2026-04-11.jpg,/objects/sl0073_ae_2026-04-11.jpg,/objects/small/sl0073_ae_2026-04-11_sm.jpg,/objects/thumbs/sl0073_ae_2026-04-11_th.jpg
sl0074_ae_2026-04-11.jpg,/objects/sl0074_ae_2026-04-11.jpg,/objects/small/sl0074_ae_2026-04-11_sm.jpg,/objects/thumbs/sl0074_ae_2026-04-11_th.jpg
sl0075_ae_2026-04-11.jpg,/objects/sl0075_ae_2026-04-11.jpg,/objects/small/sl0075_ae_2026-04-11_sm.jpg,/objects/thumbs/sl0075_ae_2026-04-11_th.jpg
sl0076_ae_2026-04-11.jpg,/objects/sl0076_ae_2026-04-11.jpg,/objects/small/sl0076_ae_2026-04-11_sm.jpg,/objects/thumbs/sl0076_ae_2026-04-11_th.jpg
sl0077_ae_2026-04-11.jpg,/objects/sl0077_ae_2026-04-11.jpg,/objects/small/sl0077_ae_2026-04-11_sm.jpg,/objects/thumbs/sl0077_ae_2026-04-11_th.jpg
sl0078_ae_2026-04-11.jpg,/objects/sl0078_ae_2026-04-11.jpg,/objects/small/sl0078_ae_2026-04-11_sm.jpg,/objects/thumbs/sl0078_ae_2026-04-11_th.jpg
sl0079_ae_2026-04-11.jpg,/objects/sl0079_ae_2026-04-11.jpg,/objects/small/sl0079_ae_2026-04-11_sm.jpg,/objects/thumbs/sl0079_ae_2026-04-11_th.jpg
sl0080_ae_2026-04-11.jpg,/objects/sl0080_ae_2026-04-11.jpg,/objects/small/sl0080_ae_2026-04-11_sm.jpg,/objects/thumbs/sl0080_ae_2026-04-11_th.jpg
sl0081_ae_2026-04-11.jpg,/objects/sl0081_ae_2026-04-11.jpg,/objects/small/sl0081_ae_2026-04-11_sm.jpg,/objects/thumbs/sl0081_ae_2026-04-11_th.jpg
sl0082_ae_2026-04-11.jpg,/objects/sl0082_ae_2026-04-11.jpg,/objects/small/sl0082_ae_2026-04-11_sm.jpg,/objects/thumbs/sl0082_ae_2026-04-11_th.jpg
sl0083_ae_2026-04-11.jpg,/objects/sl0083_ae_2026-04-11.jpg,/objects/small/sl0083_ae_2026-04-11_sm.jpg,/objects/thumbs/sl0083_ae_2026-04-11_th.jpg
sl0084_ae_2026-04-11.jpg,/objects/sl0084_ae_2026-04-11.jpg,/objects/small/sl0084_ae_2026-04-11_sm.jpg,/objects/thumbs/sl0084_ae_2026-04-11_th.jpg
sl0085_ae_2026-04-11.jpg,/objects/sl0085_ae_2026-04-11.jpg,/objects/small/sl0085_ae_2026-04-11_sm.jpg,/objects/thumbs/sl0085_ae_2026-04-11_th.jpg
sl0086_ae_2026-05-02.jpg,/objects/sl0086_ae_2026-05-02.jpg,/objects/small/sl0086_ae_2026-05-02_sm.jpg,/objects/thumbs/sl0086_ae_2026-05-02_th.jpg
sl0087_ae_2026-05-02.jpg,/objects/sl0087_ae_2026-05-02.jpg,/objects/small/sl0087_ae_2026-05-02_sm.jpg,/objects/thumbs/sl0087_ae_2026-05-02_th.jpg
sl0088_ae_2026-05-02.jpg,/objects/sl0088_ae_2026-05-02.jpg,/objects/small/sl0088_ae_2026-05-02_sm.jpg,/objects/thumbs/sl0088_ae_2026-05-02_th.jpg
sl0089_ae_2026-05-02.jpg,/objects/sl0089_ae_2026-05-02.jpg,/objects/small/sl0089_ae_2026-05-02_sm.jpg,/objects/thumbs/sl0089_ae_2026-05-02_th.jpg
sl0090_ae_2026-05-02.jpg,/objects/sl0090_ae_2026-05-02.jpg,/objects/small/sl0090_ae_2026-05-02_sm.jpg,/objects/thumbs/sl0090_ae_2026-05-02_th.jpg
sl0091_ae_2026-05-02.jpg,/objects/sl0091_ae_2026-05-02.jpg,/objects/small/sl0091_ae_2026-05-02_sm.jpg,/objects/thumbs/sl0091_ae_2026-05-02_th.jpg
sl0092_ae_2026-05-02.jpg,/objects/sl0092_ae_2026-05-02.jpg,/objects/small/sl0092_ae_2026-05-02_sm.jpg,/objects/thumbs/sl0092_ae_2026-05-02_th.jpg
